frame,band_m,true_group,points,other_points,obstacle_category_points,ground_category_points,vegetation_points,other_percent,obstacle_category_percent,ground_category_percent,vegetation_percent
2022-07-22_flight__0071_1658494234334310308_vls128.bin,0-25,excluded,352,337,2,13,0,95.73863636363636,0.5681818181818182,3.6931818181818183,0.0
2022-07-22_flight__0071_1658494234334310308_vls128.bin,0-25,ground_cover,15258,0,10,11264,3984,0.0,0.06553938917289291,73.82356796434657,26.110892646480536
2022-07-22_flight__0071_1658494234334310308_vls128.bin,0-25,ground_surface,7036,0,0,6877,159,0.0,0.0,97.74019329164298,2.2598067083570212
2022-07-22_flight__0071_1658494234334310308_vls128.bin,0-25,obstacle_candidate,267,0,197,7,63,0.0,73.78277153558052,2.6217228464419478,23.59550561797753
2022-07-22_flight__0071_1658494234334310308_vls128.bin,0-25,vegetation,77498,0,42,342,77114,0.0,0.05419494696637332,0.4413017110118971,99.50450334202174
2022-07-22_flight__0071_1658494234334310308_vls128.bin,100-150,ground_cover,411,0,0,357,54,0.0,0.0,86.86131386861314,13.138686131386862
2022-07-22_flight__0071_1658494234334310308_vls128.bin,100-150,obstacle_candidate,4679,0,4004,149,526,0.0,85.57384056422312,3.184441119897414,11.241718315879462
2022-07-22_flight__0071_1658494234334310308_vls128.bin,100-150,vegetation,16507,0,28,149,16330,0.0,0.16962500757254498,0.9026473617253287,98.92772763070212
2022-07-22_flight__0071_1658494234334310308_vls128.bin,150+,excluded,1,0,0,0,1,0.0,0.0,0.0,100.0
2022-07-22_flight__0071_1658494234334310308_vls128.bin,150+,ground_cover,43,0,0,37,6,0.0,0.0,86.04651162790698,13.953488372093023
2022-07-22_flight__0071_1658494234334310308_vls128.bin,150+,obstacle_candidate,72,0,68,0,4,0.0,94.44444444444444,0.0,5.555555555555555
2022-07-22_flight__0071_1658494234334310308_vls128.bin,150+,vegetation,1808,0,2,31,1775,0.0,0.11061946902654868,1.7146017699115044,98.17477876106194
2022-07-22_flight__0071_1658494234334310308_vls128.bin,25-50,ground_cover,14872,0,10,11526,3336,0.0,0.06724045185583648,77.50134480903712,22.431414739107048
2022-07-22_flight__0071_1658494234334310308_vls128.bin,25-50,ground_surface,2974,0,0,2904,70,0.0,0.0,97.6462676529926,2.3537323470073974
2022-07-22_flight__0071_1658494234334310308_vls128.bin,25-50,obstacle_candidate,401,0,138,1,262,0.0,34.413965087281795,0.24937655860349128,65.33665835411472
2022-07-22_flight__0071_1658494234334310308_vls128.bin,25-50,vegetation,7977,0,42,116,7819,0.0,0.5265137269650244,1.4541807697129248,98.01930550332204
2022-07-22_flight__0071_1658494234334310308_vls128.bin,50-75,ground_cover,3278,0,0,2806,472,0.0,0.0,85.60097620500305,14.39902379499695
2022-07-22_flight__0071_1658494234334310308_vls128.bin,50-75,ground_surface,896,0,0,882,14,0.0,0.0,98.4375,1.5625
2022-07-22_flight__0071_1658494234334310308_vls128.bin,50-75,obstacle_candidate,273,0,105,51,117,0.0,38.46153846153846,18.681318681318682,42.857142857142854
2022-07-22_flight__0071_1658494234334310308_vls128.bin,50-75,vegetation,4759,0,52,156,4551,0.0,1.0926665265812145,3.2779995797436436,95.62933389367514
2022-07-22_flight__0071_1658494234334310308_vls128.bin,75-100,ground_cover,1148,0,0,782,366,0.0,0.0,68.11846689895471,31.881533101045296
2022-07-22_flight__0071_1658494234334310308_vls128.bin,75-100,ground_surface,52,0,0,39,13,0.0,0.0,75.0,25.0
2022-07-22_flight__0071_1658494234334310308_vls128.bin,75-100,obstacle_candidate,1198,0,624,99,475,0.0,52.086811352253754,8.263772954924875,39.64941569282137
2022-07-22_flight__0071_1658494234334310308_vls128.bin,75-100,vegetation,8123,0,29,177,7917,0.0,0.35701095654314907,2.1789979071771515,97.4639911362797
2022-07-22_flight__0072_1658494235988100385_vls128.bin,0-25,excluded,357,298,56,1,2,83.4733893557423,15.686274509803921,0.2801120448179272,0.5602240896358543
2022-07-22_flight__0072_1658494235988100385_vls128.bin,0-25,ground_cover,13803,0,41,11127,2635,0.0,0.29703687604144025,80.61291023690502,19.090052887053538
2022-07-22_flight__0072_1658494235988100385_vls128.bin,0-25,ground_surface,9571,0,37,9463,71,0.0,0.38658447393166856,98.87159126528053,0.7418242607877965
2022-07-22_flight__0072_1658494235988100385_vls128.bin,0-25,obstacle_candidate,617,0,604,0,13,0.0,97.89303079416531,0.0,2.106969205834684
2022-07-22_flight__0072_1658494235988100385_vls128.bin,0-25,vegetation,62900,0,7,578,62315,0.0,0.011128775834658187,0.918918918918919,99.06995230524642
2022-07-22_flight__0072_1658494235988100385_vls128.bin,100-150,ground_cover,474,0,0,261,213,0.0,0.0,55.063291139240505,44.936708860759495
2022-07-22_flight__0072_1658494235988100385_vls128.bin,100-150,ground_surface,2,0,0,2,0,0.0,0.0,100.0,0.0
2022-07-22_flight__0072_1658494235988100385_vls128.bin,100-150,obstacle_candidate,2381,0,2028,31,322,0.0,85.17429651406972,1.3019739605207896,13.523729525409491
2022-07-22_flight__0072_1658494235988100385_vls128.bin,100-150,vegetation,9992,0,28,188,9776,0.0,0.28022417934347477,1.8815052041633307,97.83827061649319
2022-07-22_flight__0072_1658494235988100385_vls128.bin,150+,ground_cover,36,0,0,32,4,0.0,0.0,88.88888888888889,11.11111111111111
2022-07-22_flight__0072_1658494235988100385_vls128.bin,150+,obstacle_candidate,63,0,50,0,13,0.0,79.36507936507937,0.0,20.634920634920636
2022-07-22_flight__0072_1658494235988100385_vls128.bin,150+,vegetation,3253,0,39,52,3162,0.0,1.1988933292345527,1.5985244389794036,97.20258223178604
2022-07-22_flight__0072_1658494235988100385_vls128.bin,25-50,ground_cover,13406,0,4,10949,2453,0.0,0.02983738624496494,81.67238549903028,18.29777711472475
2022-07-22_flight__0072_1658494235988100385_vls128.bin,25-50,ground_surface,5496,0,0,5459,37,0.0,0.0,99.32678311499272,0.673216885007278
2022-07-22_flight__0072_1658494235988100385_vls128.bin,25-50,obstacle_candidate,118,0,51,0,67,0.0,43.220338983050844,0.0,56.779661016949156
2022-07-22_flight__0072_1658494235988100385_vls128.bin,25-50,vegetation,12561,0,12,283,12266,0.0,0.09553379508000956,2.253005333970225,97.65146087094976
2022-07-22_flight__0072_1658494235988100385_vls128.bin,50-75,ground_cover,3111,0,8,2532,571,0.0,0.2571520411443266,81.38862102217936,18.35422693667631
2022-07-22_flight__0072_1658494235988100385_vls128.bin,50-75,ground_surface,834,0,0,808,26,0.0,0.0,96.88249400479616,3.117505995203837
2022-07-22_flight__0072_1658494235988100385_vls128.bin,50-75,obstacle_candidate,2598,0,2061,99,438,0.0,79.33025404157044,3.810623556581986,16.859122401847575
2022-07-22_flight__0072_1658494235988100385_vls128.bin,50-75,vegetation,5743,0,77,295,5371,0.0,1.3407626675953335,5.136688142086018,93.52254919031864
2022-07-22_flight__0072_1658494235988100385_vls128.bin,75-100,ground_cover,1094,0,0,831,263,0.0,0.0,75.95978062157221,24.04021937842779
2022-07-22_flight__0072_1658494235988100385_vls128.bin,75-100,ground_surface,57,0,0,47,10,0.0,0.0,82.45614035087719,17.54385964912281
2022-07-22_flight__0072_1658494235988100385_vls128.bin,75-100,obstacle_candidate,6557,0,5899,87,571,0.0,89.96492298307153,1.3268262925118195,8.708250724416654
2022-07-22_flight__0072_1658494235988100385_vls128.bin,75-100,vegetation,15350,0,35,247,15068,0.0,0.2280130293159609,1.6091205211726385,98.1628664495114
2022-07-22_flight__0073_1658494238675704025_vls128.bin,0-25,excluded,355,0,355,0,0,0.0,100.0,0.0,0.0
2022-07-22_flight__0073_1658494238675704025_vls128.bin,0-25,ground_cover,11581,0,10,7306,4265,0.0,0.08634832915983076,63.08608928417235,36.827562386667815
2022-07-22_flight__0073_1658494238675704025_vls128.bin,0-25,ground_surface,21170,0,0,21026,144,0.0,0.0,99.31979215871516,0.680207841284837
2022-07-22_flight__0073_1658494238675704025_vls128.bin,0-25,obstacle_candidate,483,0,467,0,16,0.0,96.68737060041408,0.0,3.3126293995859215
2022-07-22_flight__0073_1658494238675704025_vls128.bin,0-25,vegetation,30572,0,71,435,30066,0.0,0.23223864974486458,1.4228706005495224,98.34489074970561
2022-07-22_flight__0073_1658494238675704025_vls128.bin,100-150,ground_cover,542,0,0,399,143,0.0,0.0,73.61623616236163,26.383763837638377
2022-07-22_flight__0073_1658494238675704025_vls128.bin,100-150,obstacle_candidate,1248,0,880,120,248,0.0,70.51282051282051,9.615384615384615,19.871794871794872
2022-07-22_flight__0073_1658494238675704025_vls128.bin,100-150,vegetation,8448,0,70,56,8322,0.0,0.8285984848484849,0.6628787878787878,98.50852272727273
2022-07-22_flight__0073_1658494238675704025_vls128.bin,150+,excluded,1,0,0,0,1,0.0,0.0,0.0,100.0
2022-07-22_flight__0073_1658494238675704025_vls128.bin,150+,ground_cover,30,0,0,19,11,0.0,0.0,63.333333333333336,36.666666666666664
2022-07-22_flight__0073_1658494238675704025_vls128.bin,150+,vegetation,2770,0,37,24,2709,0.0,1.3357400722021662,0.8664259927797834,97.79783393501805
2022-07-22_flight__0073_1658494238675704025_vls128.bin,25-50,ground_cover,11328,0,13,9408,1907,0.0,0.11475988700564972,83.05084745762711,16.834392655367232
2022-07-22_flight__0073_1658494238675704025_vls128.bin,25-50,ground_surface,6002,0,0,5920,82,0.0,0.0,98.63378873708764,1.3662112629123626
2022-07-22_flight__0073_1658494238675704025_vls128.bin,25-50,obstacle_candidate,2328,0,1732,4,592,0.0,74.39862542955326,0.1718213058419244,25.42955326460481
2022-07-22_flight__0073_1658494238675704025_vls128.bin,25-50,vegetation,26275,0,201,1081,24993,0.0,0.7649857278782112,4.114176974310181,95.1208372978116
2022-07-22_flight__0073_1658494238675704025_vls128.bin,50-75,ground_cover,2599,0,0,1422,1177,0.0,0.0,54.71335128895729,45.28664871104271
2022-07-22_flight__0073_1658494238675704025_vls128.bin,50-75,ground_surface,554,0,0,530,24,0.0,0.0,95.66787003610108,4.332129963898917
2022-07-22_flight__0073_1658494238675704025_vls128.bin,50-75,obstacle_candidate,10024,0,9379,105,540,0.0,93.56544293695131,1.047486033519553,5.38707102952913
2022-07-22_flight__0073_1658494238675704025_vls128.bin,50-75,vegetation,21007,0,150,251,20606,0.0,0.7140476983862521,1.194839815299662,98.09111248631409
2022-07-22_flight__0073_1658494238675704025_vls128.bin,75-100,ground_cover,1045,0,0,558,487,0.0,0.0,53.39712918660287,46.60287081339713
2022-07-22_flight__0073_1658494238675704025_vls128.bin,75-100,ground_surface,45,0,0,45,0,0.0,0.0,100.0,0.0
2022-07-22_flight__0073_1658494238675704025_vls128.bin,75-100,obstacle_candidate,10557,0,9986,137,434,0.0,94.59126645827413,1.2977171544946482,4.111016387231221
2022-07-22_flight__0073_1658494238675704025_vls128.bin,75-100,vegetation,9813,0,32,86,9695,0.0,0.32609803322123715,0.8763884642820748,98.79751350249668
2022-07-22_flight__0075_1658494242083534022_vls128.bin,0-25,excluded,358,126,25,6,201,35.19553072625698,6.983240223463687,1.675977653631285,56.14525139664804
2022-07-22_flight__0075_1658494242083534022_vls128.bin,0-25,ground_surface,17013,0,0,16687,326,0.0,0.0,98.08381825662728,1.916181743372715
2022-07-22_flight__0075_1658494242083534022_vls128.bin,0-25,obstacle_candidate,3723,0,1962,1,1760,0.0,52.699435938759066,0.026860059092130004,47.273704002148804
2022-07-22_flight__0075_1658494242083534022_vls128.bin,0-25,vegetation,37834,0,137,5062,32635,0.0,0.3621081566844637,13.379499920706243,86.25839192260929
2022-07-22_flight__0075_1658494242083534022_vls128.bin,100-150,ground_cover,611,0,0,414,197,0.0,0.0,67.75777414075286,32.242225859247135
2022-07-22_flight__0075_1658494242083534022_vls128.bin,100-150,obstacle_candidate,2683,0,2474,70,139,0.0,92.21021244875139,2.609019754006709,5.180767797241893
2022-07-22_flight__0075_1658494242083534022_vls128.bin,100-150,vegetation,7615,0,137,81,7397,0.0,1.799080761654629,1.0636900853578464,97.13722915298753
2022-07-22_flight__0075_1658494242083534022_vls128.bin,150+,ground_cover,54,0,0,49,5,0.0,0.0,90.74074074074075,9.25925925925926
2022-07-22_flight__0075_1658494242083534022_vls128.bin,150+,obstacle_candidate,38,0,15,2,21,0.0,39.473684210526315,5.2631578947368425,55.26315789473684
2022-07-22_flight__0075_1658494242083534022_vls128.bin,150+,vegetation,3257,0,51,3,3203,0.0,1.565858151673319,0.092109303039607,98.34203254528707
2022-07-22_flight__0075_1658494242083534022_vls128.bin,25-50,ground_cover,7381,0,25,5163,2193,0.0,0.3387074922097277,69.94987129115296,29.711421216637312
2022-07-22_flight__0075_1658494242083534022_vls128.bin,25-50,ground_surface,2177,0,0,2078,99,0.0,0.0,95.45245751033532,4.547542489664676
2022-07-22_flight__0075_1658494242083534022_vls128.bin,25-50,obstacle_candidate,14470,0,12242,32,2196,0.0,84.60262612301312,0.22114720110573602,15.176226675881134
2022-07-22_flight__0075_1658494242083534022_vls128.bin,25-50,vegetation,28444,0,163,1351,26930,0.0,0.5730558289973281,4.749683588806075,94.6772605821966
2022-07-22_flight__0075_1658494242083534022_vls128.bin,50-75,ground_cover,2742,0,11,2247,484,0.0,0.4011670313639679,81.94748358862144,17.651349380014587
2022-07-22_flight__0075_1658494242083534022_vls128.bin,50-75,ground_surface,597,0,0,572,25,0.0,0.0,95.81239530988275,4.187604690117253
2022-07-22_flight__0075_1658494242083534022_vls128.bin,50-75,obstacle_candidate,14481,0,13582,78,821,0.0,93.79186520267938,0.5386368344727575,5.66949796284787
2022-07-22_flight__0075_1658494242083534022_vls128.bin,50-75,vegetation,24182,0,141,536,23505,0.0,0.5830783227193781,2.2165246877843026,97.20039698949633
2022-07-22_flight__0075_1658494242083534022_vls128.bin,75-100,ground_cover,1005,0,8,882,115,0.0,0.7960199004975125,87.76119402985074,11.442786069651742
2022-07-22_flight__0075_1658494242083534022_vls128.bin,75-100,ground_surface,129,0,0,107,22,0.0,0.0,82.94573643410853,17.05426356589147
2022-07-22_flight__0075_1658494242083534022_vls128.bin,75-100,obstacle_candidate,1614,0,1326,34,254,0.0,82.15613382899629,2.1065675340768277,15.737298636926889
2022-07-22_flight__0075_1658494242083534022_vls128.bin,75-100,vegetation,6825,0,6,128,6691,0.0,0.08791208791208792,1.8754578754578755,98.03663003663004
2022-07-22_flight__0077_1658494244047191404_vls128.bin,0-25,excluded,352,352,0,0,0,100.0,0.0,0.0,0.0
2022-07-22_flight__0077_1658494244047191404_vls128.bin,0-25,ground_surface,11816,0,0,11589,227,0.0,0.0,98.07887610020312,1.9211238997968856
2022-07-22_flight__0077_1658494244047191404_vls128.bin,0-25,obstacle_candidate,11009,0,6698,38,4273,0.0,60.84112998455809,0.3451721318920883,38.81369788354982
2022-07-22_flight__0077_1658494244047191404_vls128.bin,0-25,vegetation,40297,0,915,7473,31909,0.0,2.270640494329603,18.54480482418046,79.18455468148994
2022-07-22_flight__0077_1658494244047191404_vls128.bin,100-150,ground_cover,707,0,0,447,260,0.0,0.0,63.22489391796322,36.77510608203678
2022-07-22_flight__0077_1658494244047191404_vls128.bin,100-150,obstacle_candidate,3308,0,2669,356,283,0.0,80.683192261185,10.761789600967353,8.555018137847641
2022-07-22_flight__0077_1658494244047191404_vls128.bin,100-150,vegetation,6321,0,76,73,6172,0.0,1.2023414016769498,1.1548805568739124,97.64277804144913
2022-07-22_flight__0077_1658494244047191404_vls128.bin,150+,ground_cover,60,0,0,55,5,0.0,0.0,91.66666666666667,8.333333333333334
2022-07-22_flight__0077_1658494244047191404_vls128.bin,150+,obstacle_candidate,97,0,34,14,49,0.0,35.05154639175258,14.43298969072165,50.51546391752577
2022-07-22_flight__0077_1658494244047191404_vls128.bin,150+,vegetation,3325,0,1,24,3300,0.0,0.03007518796992481,0.7218045112781954,99.24812030075188
2022-07-22_flight__0077_1658494244047191404_vls128.bin,25-50,ground_cover,5221,0,7,3797,1417,0.0,0.13407393219689714,72.72553150737407,27.140394560429037
2022-07-22_flight__0077_1658494244047191404_vls128.bin,25-50,ground_surface,3471,0,0,3332,139,0.0,0.0,95.99539037741285,4.004609622587151
2022-07-22_flight__0077_1658494244047191404_vls128.bin,25-50,obstacle_candidate,21343,0,19505,67,1771,0.0,91.38827718689969,0.3139202548845055,8.297802558215809
2022-07-22_flight__0077_1658494244047191404_vls128.bin,25-50,vegetation,27669,0,541,1139,25989,0.0,1.955256785572301,4.116520293469225,93.92822292095848
2022-07-22_flight__0077_1658494244047191404_vls128.bin,50-75,ground_cover,2647,0,11,2074,562,0.0,0.415564790328674,78.35285228560635,21.23158292406498
2022-07-22_flight__0077_1658494244047191404_vls128.bin,50-75,ground_surface,452,0,14,422,16,0.0,3.0973451327433628,93.36283185840708,3.5398230088495577
2022-07-22_flight__0077_1658494244047191404_vls128.bin,50-75,obstacle_candidate,10785,0,10374,65,346,0.0,96.18915159944368,0.602688919796013,3.2081594807603153
2022-07-22_flight__0077_1658494244047191404_vls128.bin,50-75,vegetation,21540,0,76,698,20766,0.0,0.3528319405756732,3.2404828226555247,96.40668523676881
2022-07-22_flight__0077_1658494244047191404_vls128.bin,75-100,ground_cover,1028,0,0,603,425,0.0,0.0,58.65758754863813,41.34241245136187
2022-07-22_flight__0077_1658494244047191404_vls128.bin,75-100,ground_surface,280,0,0,230,50,0.0,0.0,82.14285714285714,17.857142857142858
2022-07-22_flight__0077_1658494244047191404_vls128.bin,75-100,obstacle_candidate,1277,0,1005,22,250,0.0,78.70007830853564,1.7227877838684416,19.57713390759593
2022-07-22_flight__0077_1658494244047191404_vls128.bin,75-100,vegetation,6311,0,16,166,6129,0.0,0.2535255902392648,2.630327998732372,97.11614641102837
2022-07-22_flight__0078_1658494246011438339_vls128.bin,0-25,excluded,357,357,0,0,0,100.0,0.0,0.0,0.0
2022-07-22_flight__0078_1658494246011438339_vls128.bin,0-25,ground_surface,10199,0,2,9954,243,0.0,0.019609765663300322,97.59780370624571,2.3825865280909895
2022-07-22_flight__0078_1658494246011438339_vls128.bin,0-25,obstacle_candidate,12511,0,8948,75,3488,0.0,71.52106146591,0.5994724642314763,27.879466069858523
2022-07-22_flight__0078_1658494246011438339_vls128.bin,0-25,vegetation,42906,0,1260,7026,34620,0.0,2.9366522164732207,16.375332121381625,80.68801566214515
2022-07-22_flight__0078_1658494246011438339_vls128.bin,100-150,ground_cover,723,0,0,471,252,0.0,0.0,65.14522821576763,34.85477178423236
2022-07-22_flight__0078_1658494246011438339_vls128.bin,100-150,ground_surface,29,0,0,20,9,0.0,0.0,68.96551724137932,31.03448275862069
2022-07-22_flight__0078_1658494246011438339_vls128.bin,100-150,obstacle_candidate,3018,0,2428,319,271,0.0,80.45062955599735,10.569913850231941,8.97945659377071
2022-07-22_flight__0078_1658494246011438339_vls128.bin,100-150,vegetation,6392,0,61,72,6259,0.0,0.9543178973717147,1.1264080100125156,97.91927409261577
2022-07-22_flight__0078_1658494246011438339_vls128.bin,150+,ground_cover,50,0,0,34,16,0.0,0.0,68.0,32.0
2022-07-22_flight__0078_1658494246011438339_vls128.bin,150+,obstacle_candidate,74,0,59,2,13,0.0,79.72972972972973,2.7027027027027026,17.56756756756757
2022-07-22_flight__0078_1658494246011438339_vls128.bin,150+,vegetation,3745,0,36,35,3674,0.0,0.9612817089452603,0.9345794392523364,98.1041388518024
2022-07-22_flight__0078_1658494246011438339_vls128.bin,25-50,ground_cover,3963,0,1,2921,1041,0.0,0.025233409033560434,73.70678778703002,26.267978803936412
2022-07-22_flight__0078_1658494246011438339_vls128.bin,25-50,ground_surface,4039,0,0,3934,105,0.0,0.0,97.4003466204506,2.5996533795493932
2022-07-22_flight__0078_1658494246011438339_vls128.bin,25-50,obstacle_candidate,24228,0,22313,44,1871,0.0,92.09592207363382,0.1816080567937923,7.722469869572396
2022-07-22_flight__0078_1658494246011438339_vls128.bin,25-50,vegetation,28392,0,445,1296,26651,0.0,1.5673429134967596,4.564666103127641,93.8679909833756
2022-07-22_flight__0078_1658494246011438339_vls128.bin,50-75,ground_cover,2424,0,0,2048,376,0.0,0.0,84.48844884488449,15.511551155115512
2022-07-22_flight__0078_1658494246011438339_vls128.bin,50-75,ground_surface,380,0,0,370,10,0.0,0.0,97.36842105263158,2.6315789473684212
2022-07-22_flight__0078_1658494246011438339_vls128.bin,50-75,obstacle_candidate,9780,0,9333,45,402,0.0,95.42944785276073,0.4601226993865031,4.110429447852761
2022-07-22_flight__0078_1658494246011438339_vls128.bin,50-75,vegetation,17567,0,51,562,16954,0.0,0.29031707178231914,3.199180281209085,96.5105026470086
2022-07-22_flight__0078_1658494246011438339_vls128.bin,75-100,ground_cover,1031,0,4,554,473,0.0,0.3879728419010669,53.73423860329777,45.877788554801164
2022-07-22_flight__0078_1658494246011438339_vls128.bin,75-100,ground_surface,186,0,0,181,5,0.0,0.0,97.31182795698925,2.6881720430107525
2022-07-22_flight__0078_1658494246011438339_vls128.bin,75-100,obstacle_candidate,1081,0,739,5,337,0.0,68.36262719703977,0.46253469010175763,31.174838112858463
2022-07-22_flight__0078_1658494246011438339_vls128.bin,75-100,vegetation,7301,0,81,85,7135,0.0,1.1094370634159705,1.1642240788933023,97.72633885769072
2022-07-22_flight__0080_1658494248904312093_vls128.bin,0-25,excluded,357,357,0,0,0,100.0,0.0,0.0,0.0
2022-07-22_flight__0080_1658494248904312093_vls128.bin,0-25,ground_surface,12827,0,3,12432,392,0.0,0.023388165588212363,96.92055819755204,3.056053636859749
2022-07-22_flight__0080_1658494248904312093_vls128.bin,0-25,obstacle_candidate,20400,0,17132,197,3071,0.0,83.98039215686275,0.9656862745098039,15.053921568627452
2022-07-22_flight__0080_1658494248904312093_vls128.bin,0-25,vegetation,38354,0,980,5640,31734,0.0,2.5551441831360484,14.705115502946237,82.73974031391771
2022-07-22_flight__0080_1658494248904312093_vls128.bin,100-150,ground_cover,674,0,9,393,272,0.0,1.3353115727002967,58.30860534124629,40.35608308605341
2022-07-22_flight__0080_1658494248904312093_vls128.bin,100-150,ground_surface,49,0,0,19,30,0.0,0.0,38.775510204081634,61.224489795918366
2022-07-22_flight__0080_1658494248904312093_vls128.bin,100-150,obstacle_candidate,2779,0,2253,294,232,0.0,81.07232817560273,10.57934508816121,8.348326736236055
2022-07-22_flight__0080_1658494248904312093_vls128.bin,100-150,vegetation,5828,0,7,42,5779,0.0,0.12010981468771448,0.7206588881262869,99.159231297186
2022-07-22_flight__0080_1658494248904312093_vls128.bin,150+,excluded,1,0,0,0,1,0.0,0.0,0.0,100.0
2022-07-22_flight__0080_1658494248904312093_vls128.bin,150+,ground_cover,57,0,0,42,15,0.0,0.0,73.6842105263158,26.31578947368421
2022-07-22_flight__0080_1658494248904312093_vls128.bin,150+,obstacle_candidate,152,0,120,10,22,0.0,78.94736842105263,6.578947368421052,14.473684210526315
2022-07-22_flight__0080_1658494248904312093_vls128.bin,150+,vegetation,3583,0,54,24,3505,0.0,1.507116941110801,0.6698297516048004,97.8230533072844
2022-07-22_flight__0080_1658494248904312093_vls128.bin,25-50,ground_cover,2974,0,8,2272,694,0.0,0.26899798251513113,76.39542703429724,23.335574983187627
2022-07-22_flight__0080_1658494248904312093_vls128.bin,25-50,ground_surface,5669,0,5,5541,123,0.0,0.08819897689186805,97.74210619156818,2.169694831539954
2022-07-22_flight__0080_1658494248904312093_vls128.bin,25-50,obstacle_candidate,21656,0,19543,160,1953,0.0,90.2428888067972,0.7388252678241596,9.018285925378647
2022-07-22_flight__0080_1658494248904312093_vls128.bin,25-50,vegetation,28787,0,326,1541,26920,0.0,1.1324556223295237,5.353110779171153,93.51443359849932
2022-07-22_flight__0080_1658494248904312093_vls128.bin,50-75,ground_cover,2275,0,0,1897,378,0.0,0.0,83.38461538461539,16.615384615384617
2022-07-22_flight__0080_1658494248904312093_vls128.bin,50-75,ground_surface,334,0,17,281,36,0.0,5.089820359281437,84.13173652694611,10.778443113772456
2022-07-22_flight__0080_1658494248904312093_vls128.bin,50-75,obstacle_candidate,7254,0,6883,81,290,0.0,94.88558036945133,1.1166253101736974,3.9977943203749655
2022-07-22_flight__0080_1658494248904312093_vls128.bin,50-75,vegetation,14528,0,58,202,14268,0.0,0.39922907488986786,1.3904185022026432,98.21035242290749
2022-07-22_flight__0080_1658494248904312093_vls128.bin,75-100,ground_cover,897,0,0,377,520,0.0,0.0,42.028985507246375,57.971014492753625
2022-07-22_flight__0080_1658494248904312093_vls128.bin,75-100,ground_surface,150,0,0,146,4,0.0,0.0,97.33333333333333,2.6666666666666665
2022-07-22_flight__0080_1658494248904312093_vls128.bin,75-100,obstacle_candidate,926,0,880,8,38,0.0,95.03239740820734,0.8639308855291576,4.103671706263499
2022-07-22_flight__0080_1658494248904312093_vls128.bin,75-100,vegetation,10710,0,29,86,10595,0.0,0.2707749766573296,0.8029878618113913,98.92623716153128
2022-07-22_flight__0082_1658494251900354294_vls128.bin,0-25,excluded,352,204,148,0,0,57.95454545454545,42.04545454545455,0.0,0.0
2022-07-22_flight__0082_1658494251900354294_vls128.bin,0-25,ground_surface,10954,0,12,10894,48,0.0,0.10954902318787657,99.45225488406062,0.4381960927515063
2022-07-22_flight__0082_1658494251900354294_vls128.bin,0-25,obstacle_candidate,21744,0,19367,84,2293,0.0,89.06824871228845,0.38631346578366443,10.545437821927889
2022-07-22_flight__0082_1658494251900354294_vls128.bin,0-25,vegetation,35168,0,462,7076,27630,0.0,1.3136942675159236,20.12056414922657,78.5657415832575
2022-07-22_flight__0082_1658494251900354294_vls128.bin,100-150,ground_cover,696,0,5,430,261,0.0,0.7183908045977011,61.7816091954023,37.5
2022-07-22_flight__0082_1658494251900354294_vls128.bin,100-150,ground_surface,32,0,0,28,4,0.0,0.0,87.5,12.5
2022-07-22_flight__0082_1658494251900354294_vls128.bin,100-150,obstacle_candidate,2495,0,2061,300,134,0.0,82.60521042084169,12.024048096192384,5.370741482965932
2022-07-22_flight__0082_1658494251900354294_vls128.bin,100-150,vegetation,5678,0,36,104,5538,0.0,0.6340260655160268,1.8316308559351884,97.53434307854879
2022-07-22_flight__0082_1658494251900354294_vls128.bin,150+,ground_cover,55,0,0,53,2,0.0,0.0,96.36363636363636,3.6363636363636362
2022-07-22_flight__0082_1658494251900354294_vls128.bin,150+,obstacle_candidate,178,0,140,0,38,0.0,78.65168539325843,0.0,21.348314606741575
2022-07-22_flight__0082_1658494251900354294_vls128.bin,150+,vegetation,3030,0,19,10,3001,0.0,0.6270627062706271,0.33003300330033003,99.04290429042905
2022-07-22_flight__0082_1658494251900354294_vls128.bin,25-50,ground_cover,2595,0,8,2002,585,0.0,0.30828516377649323,77.14836223506744,22.54335260115607
2022-07-22_flight__0082_1658494251900354294_vls128.bin,25-50,ground_surface,6954,0,17,6865,72,0.0,0.24446361806154732,98.72016105838367,1.0353753235547887
2022-07-22_flight__0082_1658494251900354294_vls128.bin,25-50,obstacle_candidate,23711,0,20741,160,2810,0.0,87.47416810762937,0.6747922904980811,11.851039601872548
2022-07-22_flight__0082_1658494251900354294_vls128.bin,25-50,vegetation,32134,0,261,1269,30604,0.0,0.8122238127839672,3.9490881931910127,95.23868799402501
2022-07-22_flight__0082_1658494251900354294_vls128.bin,50-75,ground_cover,2366,0,24,1937,405,0.0,1.0143702451394758,81.86813186813187,17.117497886728657
2022-07-22_flight__0082_1658494251900354294_vls128.bin,50-75,ground_surface,468,0,0,404,64,0.0,0.0,86.32478632478633,13.675213675213675
2022-07-22_flight__0082_1658494251900354294_vls128.bin,50-75,obstacle_candidate,7755,0,7472,37,246,0.0,96.35074145712444,0.4771115409413282,3.172147001934236
2022-07-22_flight__0082_1658494251900354294_vls128.bin,50-75,vegetation,13087,0,68,314,12705,0.0,0.5195996026591274,2.399327576984794,97.08107282035608
2022-07-22_flight__0082_1658494251900354294_vls128.bin,75-100,ground_cover,899,0,2,531,366,0.0,0.22246941045606228,59.06562847608454,40.7119021134594
2022-07-22_flight__0082_1658494251900354294_vls128.bin,75-100,ground_surface,181,0,0,171,10,0.0,0.0,94.47513812154696,5.524861878453039
2022-07-22_flight__0082_1658494251900354294_vls128.bin,75-100,obstacle_candidate,1293,0,857,16,420,0.0,66.2799690641918,1.237432327919567,32.48259860788863
2022-07-22_flight__0082_1658494251900354294_vls128.bin,75-100,vegetation,11165,0,30,108,11027,0.0,0.2686968204209583,0.9673085535154501,98.76399462606359
2022-07-22_flight__0084_1658494255002048279_vls128.bin,0-25,excluded,356,124,230,2,0,34.831460674157306,64.6067415730337,0.5617977528089888,0.0
2022-07-22_flight__0084_1658494255002048279_vls128.bin,0-25,ground_surface,6328,0,6,6313,9,0.0,0.09481668773704172,99.7629582806574,0.14222503160556257
2022-07-22_flight__0084_1658494255002048279_vls128.bin,0-25,obstacle_candidate,25067,0,20870,195,4002,0.0,83.25687158415447,0.7779151872980412,15.965213228547492
2022-07-22_flight__0084_1658494255002048279_vls128.bin,0-25,vegetation,46791,0,466,8701,37624,0.0,0.9959180184223462,18.59545639118634,80.40862559039131
2022-07-22_flight__0084_1658494255002048279_vls128.bin,100-150,ground_cover,659,0,1,354,304,0.0,0.15174506828528073,53.71775417298938,46.13050075872534
2022-07-22_flight__0084_1658494255002048279_vls128.bin,100-150,ground_surface,145,0,0,145,0,0.0,0.0,100.0,0.0
2022-07-22_flight__0084_1658494255002048279_vls128.bin,100-150,obstacle_candidate,2215,0,1854,207,154,0.0,83.7020316027088,9.345372460496614,6.952595936794582
2022-07-22_flight__0084_1658494255002048279_vls128.bin,100-150,vegetation,6808,0,32,130,6646,0.0,0.4700352526439483,1.90951821386604,97.62044653349001
2022-07-22_flight__0084_1658494255002048279_vls128.bin,150+,ground_cover,61,0,0,37,24,0.0,0.0,60.65573770491803,39.34426229508197
2022-07-22_flight__0084_1658494255002048279_vls128.bin,150+,obstacle_candidate,171,0,151,13,7,0.0,88.30409356725146,7.60233918128655,4.093567251461988
2022-07-22_flight__0084_1658494255002048279_vls128.bin,150+,vegetation,2526,0,20,10,2496,0.0,0.7917656373713381,0.39588281868566905,98.812351543943
2022-07-22_flight__0084_1658494255002048279_vls128.bin,25-50,ground_cover,2031,0,0,1652,379,0.0,0.0,81.33924175283111,18.660758247168882
2022-07-22_flight__0084_1658494255002048279_vls128.bin,25-50,ground_surface,6482,0,2,6449,31,0.0,0.030854674483184203,99.49089787102746,0.47824745448935513
2022-07-22_flight__0084_1658494255002048279_vls128.bin,25-50,obstacle_candidate,23192,0,20476,497,2219,0.0,88.28906519489479,2.1429803380476025,9.567954467057605
2022-07-22_flight__0084_1658494255002048279_vls128.bin,25-50,vegetation,30579,0,359,1200,29020,0.0,1.1740083063540339,3.924261748258609,94.90172994538736
2022-07-22_flight__0084_1658494255002048279_vls128.bin,50-75,ground_cover,2319,0,0,1691,628,0.0,0.0,72.91936179387667,27.08063820612333
2022-07-22_flight__0084_1658494255002048279_vls128.bin,50-75,ground_surface,333,0,0,329,4,0.0,0.0,98.7987987987988,1.2012012012012012
2022-07-22_flight__0084_1658494255002048279_vls128.bin,50-75,obstacle_candidate,6313,0,5798,27,488,0.0,91.84223031839062,0.4276888959290353,7.730080785680342
2022-07-22_flight__0084_1658494255002048279_vls128.bin,50-75,vegetation,10277,0,44,89,10144,0.0,0.42814050793032987,0.8660114819499855,98.70584801011968
2022-07-22_flight__0084_1658494255002048279_vls128.bin,75-100,ground_cover,991,0,2,505,484,0.0,0.20181634712411706,50.95862764883955,48.839556004036325
2022-07-22_flight__0084_1658494255002048279_vls128.bin,75-100,ground_surface,161,0,0,153,8,0.0,0.0,95.03105590062111,4.968944099378882
2022-07-22_flight__0084_1658494255002048279_vls128.bin,75-100,obstacle_candidate,943,0,670,10,263,0.0,71.04984093319194,1.0604453870625663,27.889713679745494
2022-07-22_flight__0084_1658494255002048279_vls128.bin,75-100,vegetation,8704,0,0,132,8572,0.0,0.0,1.5165441176470589,98.48345588235294
2022-07-22_flight__0086_1658494257998064715_vls128.bin,0-25,excluded,351,0,338,13,0,0.0,96.29629629629629,3.7037037037037037,0.0
2022-07-22_flight__0086_1658494257998064715_vls128.bin,0-25,ground_surface,5387,0,22,5251,114,0.0,0.40839056989047706,97.47540374976796,2.116205680341563
2022-07-22_flight__0086_1658494257998064715_vls128.bin,0-25,obstacle_candidate,27169,0,20589,59,6521,0.0,75.78122124480106,0.21715926239464095,24.0016194928043
2022-07-22_flight__0086_1658494257998064715_vls128.bin,0-25,vegetation,62668,0,808,7287,54573,0.0,1.289334269483628,11.627944086296036,87.08272164422034
2022-07-22_flight__0086_1658494257998064715_vls128.bin,100-150,excluded,1,0,0,0,1,0.0,0.0,0.0,100.0
2022-07-22_flight__0086_1658494257998064715_vls128.bin,100-150,ground_cover,737,0,0,488,249,0.0,0.0,66.21438263229308,33.78561736770692
2022-07-22_flight__0086_1658494257998064715_vls128.bin,100-150,ground_surface,174,0,0,67,107,0.0,0.0,38.50574712643678,61.49425287356322
2022-07-22_flight__0086_1658494257998064715_vls128.bin,100-150,obstacle_candidate,2150,0,1942,75,133,0.0,90.32558139534883,3.488372093023256,6.186046511627907
2022-07-22_flight__0086_1658494257998064715_vls128.bin,100-150,vegetation,10697,0,77,97,10523,0.0,0.7198279891558381,0.9067962980274843,98.37337571281668
2022-07-22_flight__0086_1658494257998064715_vls128.bin,150+,ground_cover,45,0,0,35,10,0.0,0.0,77.77777777777777,22.22222222222222
2022-07-22_flight__0086_1658494257998064715_vls128.bin,150+,obstacle_candidate,314,0,162,143,9,0.0,51.59235668789809,45.54140127388535,2.8662420382165603
2022-07-22_flight__0086_1658494257998064715_vls128.bin,150+,vegetation,2488,0,9,0,2479,0.0,0.3617363344051447,0.0,99.63826366559485
2022-07-22_flight__0086_1658494257998064715_vls128.bin,25-50,ground_cover,1521,0,24,1215,282,0.0,1.5779092702169626,79.88165680473372,18.54043392504931
2022-07-22_flight__0086_1658494257998064715_vls128.bin,25-50,ground_surface,5522,0,0,5483,39,0.0,0.0,99.29373415429193,0.7062658457080768
2022-07-22_flight__0086_1658494257998064715_vls128.bin,25-50,obstacle_candidate,18885,0,17488,291,1106,0.0,92.60259465184008,1.5409054805401112,5.856499867619804
2022-07-22_flight__0086_1658494257998064715_vls128.bin,25-50,vegetation,23629,0,118,1886,21625,0.0,0.4993863472851158,7.981717381184138,91.51889627153075
2022-07-22_flight__0086_1658494257998064715_vls128.bin,50-75,ground_cover,2105,0,8,1742,355,0.0,0.38004750593824227,82.75534441805226,16.8646080760095
2022-07-22_flight__0086_1658494257998064715_vls128.bin,50-75,ground_surface,541,0,0,506,35,0.0,0.0,93.53049907578558,6.469500924214418
2022-07-22_flight__0086_1658494257998064715_vls128.bin,50-75,obstacle_candidate,3778,0,3604,23,151,0.0,95.3943885653785,0.6087877183695076,3.9968237162519853
2022-07-22_flight__0086_1658494257998064715_vls128.bin,50-75,vegetation,7184,0,52,125,7007,0.0,0.7238307349665924,1.739977728285078,97.53619153674833
2022-07-22_flight__0086_1658494257998064715_vls128.bin,75-100,ground_cover,890,0,16,464,410,0.0,1.797752808988764,52.13483146067416,46.06741573033708
2022-07-22_flight__0086_1658494257998064715_vls128.bin,75-100,ground_surface,118,0,0,109,9,0.0,0.0,92.37288135593221,7.627118644067797
2022-07-22_flight__0086_1658494257998064715_vls128.bin,75-100,obstacle_candidate,1013,0,725,2,286,0.0,71.5695952615992,0.19743336623889438,28.232971372161895
2022-07-22_flight__0086_1658494257998064715_vls128.bin,75-100,vegetation,4035,0,15,124,3896,0.0,0.37174721189591076,3.0731102850061958,96.5551425030979
