group,observations,instances,scenes,lidar_supported,radar_supported,both,lidar_only,radar_only,neither,lidar_percent,radar_percent,difference_pp,min_range_m,max_range_m
scene-13f4b71b1bd04a9e88747ad8f58a3f67-4,311,60,1,293,52,52,241,0,18,94.21221864951768,16.720257234726688,77.491961414791,150.00948473263907,229.4177589511211
scene-23160c4bff134cdd86b96ee822b4aca9-14,191,41,1,170,13,12,158,1,20,89.00523560209425,6.806282722513089,82.19895287958116,150.1363034332358,214.78706097094687
scene-3195e3bfd1de4f9ba82f874790c7856c-15,354,74,1,339,59,59,280,0,15,95.76271186440678,16.666666666666664,79.09604519774011,150.06673187548574,226.84401081084647
scene-3f542f89ec5241b6a4e30ca743adcf34-29,799,155,1,729,104,102,627,2,68,91.23904881101377,13.016270337922403,78.22277847309135,150.0106029512012,228.22347457330534
scene-6be74229febb4aad9e7ae1a37217b231-4,14,1,1,14,6,6,8,0,0,100.0,42.857142857142854,57.14285714285714,151.96914679641168,216.07192509408117
scene-a6a87db5125846bda72ccfc9931ee153-11,136,27,1,127,20,19,108,1,8,93.38235294117648,14.705882352941178,78.67647058823529,150.29339473389675,222.1359436738044
scene-b13542304b244af585a646082c57a079-1,3,1,1,3,1,1,2,0,0,100.0,33.33333333333333,66.66666666666667,156.6481733080167,171.92002415898816
scene-b201f6e737e34c2d87830fc1e2911516-6,323,43,1,282,56,55,227,1,40,87.30650154798761,17.3374613003096,69.96904024767801,150.13584672053514,223.39715062993918
scene-fb64d203d417452f830ca73efed80c41-11,178,34,1,161,39,38,123,1,16,90.4494382022472,21.910112359550563,68.53932584269663,150.05681029796702,223.13322066277925
