excluded_scene,observations,instances,scenes,lidar_supported,radar_supported,both,lidar_only,radar_only,neither,lidar_percent,radar_percent,difference_pp,min_range_m,max_range_m
scene-13f4b71b1bd04a9e88747ad8f58a3f67-4,1998,376,8,1825,298,292,1533,6,167,91.34134134134135,14.914914914914915,76.42642642642643,150.0106029512012,228.22347457330534
scene-23160c4bff134cdd86b96ee822b4aca9-14,2118,395,8,1948,337,332,1616,5,165,91.9735599622285,15.911237016052878,76.06232294617563,150.00948473263907,229.4177589511211
scene-3195e3bfd1de4f9ba82f874790c7856c-15,1955,362,8,1779,291,285,1494,6,170,90.99744245524298,14.884910485933503,76.11253196930947,150.00948473263907,229.4177589511211
scene-3f542f89ec5241b6a4e30ca743adcf34-29,1510,281,8,1389,246,242,1147,4,117,91.98675496688742,16.29139072847682,75.6953642384106,150.00948473263907,229.4177589511211
scene-6be74229febb4aad9e7ae1a37217b231-4,2295,435,8,2104,344,338,1766,6,185,91.67755991285404,14.989106753812637,76.6884531590414,150.00948473263907,229.4177589511211
scene-a6a87db5125846bda72ccfc9931ee153-11,2173,409,8,1991,330,325,1666,5,177,91.62448228255867,15.186378278877127,76.43810400368154,150.00948473263907,229.4177589511211
scene-b13542304b244af585a646082c57a079-1,2306,435,8,2115,349,343,1772,6,185,91.71725932350391,15.134431916738942,76.58282740676496,150.00948473263907,229.4177589511211
scene-b201f6e737e34c2d87830fc1e2911516-6,1986,393,8,1836,294,289,1547,5,145,92.44712990936556,14.803625377643503,77.64350453172206,150.00948473263907,229.4177589511211
scene-fb64d203d417452f830ca73efed80c41-11,2131,402,8,1957,311,306,1651,5,169,91.83481933364618,14.594087282965743,77.24073205068044,150.00948473263907,229.4177589511211
