cohort,margin_m,threshold,observations,instances,scenes,lidar_supported,radar_supported,both,lidar_only,radar_only,neither,lidar_percent,radar_percent,difference_pp,min_range_m,max_range_m
all,0,1,2309,436,9,2118,350,344,1774,6,185,91.72802078822001,15.158077089649199,76.56994369857081,150.00948473263907,229.4177589511211
all,0,3,2309,436,9,1588,57,56,1532,1,720,68.77436119532265,2.468601126028584,66.30576006929407,150.00948473263907,229.4177589511211
all,0,5,2309,436,9,1215,13,13,1202,0,1094,52.620181896925075,0.563014291901256,52.05716760502382,150.00948473263907,229.4177589511211
vehicles,0,1,1698,310,9,1537,287,281,1256,6,155,90.51825677267374,16.90223792697291,73.61601884570082,150.0106029512012,229.4177589511211
vehicles,0,3,1698,310,9,1168,44,43,1125,1,529,68.78680800942286,2.5912838633686692,66.19552414605418,150.0106029512012,229.4177589511211
vehicles,0,5,1698,310,9,866,12,12,854,0,832,51.001177856301524,0.7067137809187279,50.29446407538279,150.0106029512012,229.4177589511211
cars,0,1,1133,214,7,988,125,120,868,5,140,87.20211827007944,11.032656663724625,76.1694616063548,150.05681029796702,226.84401081084647
cars,0,3,1133,214,7,687,7,6,681,1,445,60.635481023830536,0.617828773168579,60.01765225066195,150.05681029796702,226.84401081084647
cars,0,5,1133,214,7,447,0,0,447,0,686,39.45278022947926,0.0,39.45278022947926,150.05681029796702,226.84401081084647
trucks,0,1,347,47,5,339,98,97,242,1,7,97.69452449567724,28.24207492795389,69.45244956772333,150.1505883465511,229.4177589511211
trucks,0,3,347,47,5,301,15,15,286,0,46,86.74351585014409,4.322766570605188,82.42074927953891,150.1505883465511,229.4177589511211
trucks,0,5,347,47,5,266,5,5,261,0,81,76.657060518732,1.440922190201729,75.21613832853026,150.1505883465511,229.4177589511211
forward_30deg,0,1,1237,248,8,1128,227,224,904,3,106,91.18835893290218,18.350848827809216,72.83751010509296,150.06673187548574,229.4177589511211
forward_30deg,0,3,1237,248,8,891,32,31,860,1,345,72.02910266774454,2.5869037995149555,69.44219886822958,150.06673187548574,229.4177589511211
forward_30deg,0,5,1237,248,8,716,6,6,710,0,521,57.88197251414713,0.4850444624090542,57.39692805173807,150.06673187548574,229.4177589511211
front_180deg,0,1,1311,263,8,1197,247,242,955,5,109,91.30434782608695,18.84057971014493,72.46376811594202,150.06673187548574,229.4177589511211
front_180deg,0,3,1311,263,8,945,33,32,913,1,365,72.08237986270024,2.517162471395881,69.56521739130434,150.06673187548574,229.4177589511211
front_180deg,0,5,1311,263,8,756,6,6,750,0,555,57.66590389016019,0.4576659038901602,57.20823798627003,150.06673187548574,229.4177589511211
rear_180deg,0,1,998,242,8,921,103,102,819,1,76,92.28456913827655,10.32064128256513,81.96392785571142,150.00948473263907,221.18164881978126
rear_180deg,0,3,998,242,8,643,24,24,619,0,355,64.42885771543087,2.404809619238477,62.02404809619239,150.00948473263907,221.18164881978126
rear_180deg,0,5,998,242,8,459,7,7,452,0,539,45.99198396793587,0.7014028056112225,45.29058116232465,150.00948473263907,221.18164881978126
within_150_180,0,1,1258,403,9,1172,278,274,898,4,82,93.1637519872814,22.098569157392685,71.06518282988871,150.00948473263907,179.9784108450282
within_150_180,0,3,1258,403,9,927,46,45,882,1,330,73.68839427662957,3.6565977742448332,70.03179650238474,150.00948473263907,179.9784108450282
within_150_180,0,5,1258,403,9,724,10,10,714,0,534,57.5516693163752,0.7949125596184419,56.75675675675676,150.00948473263907,179.9784108450282
forward_30deg_150_180,0,1,651,228,8,608,181,179,429,2,41,93.394777265745,27.80337941628264,65.59139784946237,150.06673187548574,179.9784108450282
forward_30deg_150_180,0,3,651,228,8,508,24,23,485,1,142,78.03379416282642,3.686635944700461,74.34715821812597,150.06673187548574,179.9784108450282
forward_30deg_150_180,0,5,651,228,8,433,3,3,430,0,218,66.51305683563749,0.4608294930875576,66.05222734254993,150.06673187548574,179.9784108450282
official_mini_val,0,1,311,60,1,293,52,52,241,0,18,94.21221864951768,16.720257234726688,77.491961414791,150.00948473263907,229.4177589511211
official_mini_val,0,3,311,60,1,234,12,12,222,0,77,75.2411575562701,3.858520900321544,71.38263665594855,150.00948473263907,229.4177589511211
official_mini_val,0,5,311,60,1,193,3,3,190,0,118,62.057877813504824,0.964630225080386,61.09324758842444,150.00948473263907,229.4177589511211
all,0.5,1,2309,436,9,2283,646,646,1637,0,26,98.87397141619749,27.97747942832395,70.89649198787355,150.00948473263907,229.4177589511211
all,0.5,3,2309,436,9,1878,162,161,1717,1,430,81.33391078388912,7.016024252923343,74.31788653096578,150.00948473263907,229.4177589511211
all,0.5,5,2309,436,9,1517,45,45,1472,0,792,65.6994369857081,1.9488956258120398,63.75054135989606,150.00948473263907,229.4177589511211
vehicles,0.5,1,1698,310,9,1673,500,500,1173,0,25,98.52767962308599,29.44640753828033,69.08127208480566,150.0106029512012,229.4177589511211
vehicles,0.5,3,1698,310,9,1364,117,116,1248,1,333,80.32979976442874,6.890459363957597,73.43934040047114,150.0106029512012,229.4177589511211
vehicles,0.5,5,1698,310,9,1080,34,34,1046,0,618,63.60424028268551,2.0023557126030624,61.60188457008245,150.0106029512012,229.4177589511211
cars,0.5,1,1133,214,7,1109,260,260,849,0,24,97.88172992056488,22.94792586054722,74.93380406001766,150.05681029796702,226.84401081084647
cars,0.5,3,1133,214,7,853,34,34,819,0,280,75.28684907325685,3.000882612533098,72.28596646072376,150.05681029796702,226.84401081084647
cars,0.5,5,1133,214,7,625,4,4,621,0,508,55.16328331862312,0.353045013239188,54.81023830538394,150.05681029796702,226.84401081084647
trucks,0.5,1,347,47,5,346,152,152,194,0,1,99.71181556195965,43.804034582132566,55.90778097982708,150.1505883465511,229.4177589511211
trucks,0.5,3,347,47,5,320,47,46,274,1,26,92.21902017291066,13.544668587896252,78.6743515850144,150.1505883465511,229.4177589511211
trucks,0.5,5,347,47,5,287,13,13,274,0,60,82.70893371757924,3.7463976945244957,78.96253602305475,150.1505883465511,229.4177589511211
forward_30deg,0.5,1,1237,248,8,1226,444,444,782,0,11,99.11075181891673,35.89329021827001,63.217461600646715,150.06673187548574,229.4177589511211
forward_30deg,0.5,3,1237,248,8,1048,105,105,943,0,189,84.7210994341148,8.488278092158447,76.23282134195635,150.06673187548574,229.4177589511211
forward_30deg,0.5,5,1237,248,8,901,28,28,873,0,336,72.83751010509296,2.263540824575586,70.57396928051737,150.06673187548574,229.4177589511211
front_180deg,0.5,1,1311,263,8,1300,476,476,824,0,11,99.16094584286805,36.30816170861937,62.852784134248665,150.06673187548574,229.4177589511211
front_180deg,0.5,3,1311,263,8,1108,111,111,997,0,203,84.51563691838292,8.466819221967963,76.04881769641496,150.06673187548574,229.4177589511211
front_180deg,0.5,5,1311,263,8,950,29,29,921,0,361,72.46376811594203,2.212051868802441,70.25171624713958,150.06673187548574,229.4177589511211
rear_180deg,0.5,1,998,242,8,983,170,170,813,0,15,98.49699398797596,17.034068136272545,81.4629258517034,150.00948473263907,221.18164881978126
rear_180deg,0.5,3,998,242,8,770,51,50,720,1,227,77.15430861723446,5.110220440881764,72.0440881763527,150.00948473263907,221.18164881978126
rear_180deg,0.5,5,998,242,8,567,16,16,551,0,431,56.813627254509015,1.6032064128256511,55.21042084168336,150.00948473263907,221.18164881978126
within_150_180,0.5,1,1258,403,9,1255,509,509,746,0,3,99.76152623211448,40.4610492845787,59.30047694753577,150.00948473263907,179.9784108450282
within_150_180,0.5,3,1258,403,9,1072,133,132,940,1,185,85.21462639109699,10.572337042925279,74.6422893481717,150.00948473263907,179.9784108450282
within_150_180,0.5,5,1258,403,9,890,36,36,854,0,368,70.74721780604133,2.8616852146263914,67.88553259141496,150.00948473263907,179.9784108450282
forward_30deg_150_180,0.5,1,651,228,8,650,342,342,308,0,1,99.84639016897081,52.53456221198156,47.31182795698925,150.06673187548574,179.9784108450282
forward_30deg_150_180,0.5,3,651,228,8,587,84,84,503,0,64,90.1689708141321,12.903225806451612,77.2657450076805,150.06673187548574,179.9784108450282
forward_30deg_150_180,0.5,5,651,228,8,524,22,22,502,0,127,80.4915514592934,3.3794162826420893,77.11213517665131,150.06673187548574,179.9784108450282
official_mini_val,0.5,1,311,60,1,307,85,85,222,0,4,98.71382636655949,27.331189710610932,71.38263665594855,150.00948473263907,229.4177589511211
official_mini_val,0.5,3,311,60,1,266,31,31,235,0,45,85.53054662379421,9.967845659163988,75.56270096463022,150.00948473263907,229.4177589511211
official_mini_val,0.5,5,311,60,1,237,10,10,227,0,74,76.20578778135048,3.215434083601286,72.9903536977492,150.00948473263907,229.4177589511211
