dataset,margin_m,band_m,category,observations,instances,scenes,lidar_supported,radar_supported,both,lidar_only,radar_only,neither,lidar_percent,radar_percent,difference_pp,min_range_m,max_range_m,lidar_ge_3_percent,lidar_ge_5_percent,lidar_points_p25,lidar_points_p50,lidar_points_p75,lidar_points_p90,lidar_equal_track_percent,radar_ge_3_percent,radar_ge_5_percent,radar_points_p25,radar_points_p50,radar_points_p75,radar_points_p90,radar_equal_track_percent
TruckScenes mini,0,100-150,animal,3,1,1,2,0,0,2,0,1,66.66666666666666,0.0,66.66666666666666,100.44430799804785,117.74985868321315,0.0,0.0,0.5,1.0,1.0,1.0,66.66666666666666,0.0,0.0,0.0,0.0,0.0,0.0,0.0
TruckScenes mini,0,100-150,human.pedestrian.adult,109,13,3,106,0,0,106,0,3,97.24770642201835,0.0,97.24770642201835,100.08172428127371,145.57286485667052,61.46788990825688,32.11009174311927,1.0,3.0,5.0,11.0,96.9871794871795,0.0,0.0,0.0,0.0,0.0,0.0,0.0
TruckScenes mini,0,100-150,human.pedestrian.construction_worker,6,1,1,6,0,0,6,0,0,100.0,0.0,100.0,100.24382602387756,147.39538134390233,100.0,100.0,8.0,9.0,10.75,12.0,100.0,0.0,0.0,0.0,0.0,0.0,0.0,0.0
TruckScenes mini,0,100-150,human.pedestrian.stroller,6,1,1,6,2,2,4,0,0,100.0,33.33333333333333,66.66666666666667,103.07302909921951,122.20962941244964,100.0,33.33333333333333,3.0,3.0,5.25,6.0,100.0,0.0,0.0,0.0,0.0,0.75,1.0,33.33333333333333
TruckScenes mini,0,100-150,movable_object.barrier,7,1,1,7,0,0,7,0,0,100.0,0.0,100.0,108.09880185061658,149.36710809144014,57.14285714285714,14.285714285714285,2.0,3.0,3.5,5.200000000000001,100.0,0.0,0.0,0.0,0.0,0.0,0.0,0.0
TruckScenes mini,0,100-150,movable_object.trafficcone,191,49,2,189,2,2,187,0,2,98.95287958115183,1.0471204188481675,97.90575916230367,100.17272583494284,149.83532562934755,76.43979057591623,57.06806282722513,3.0,5.0,8.0,12.0,99.31972789115646,0.0,0.0,0.0,0.0,0.0,0.0,0.7482993197278912
TruckScenes mini,0,100-150,static_object.traffic_sign,877,107,7,861,124,124,737,0,16,98.17559863169897,14.139110604332952,84.03648802736603,100.01257789779538,149.98500524582585,86.3169897377423,77.4230330672748,5.0,12.0,30.0,75.39999999999998,98.37579735944222,1.8244013683010263,0.5701254275940707,0.0,0.0,0.0,1.0,14.342858002612607
TruckScenes mini,0,100-150,vehicle.bicycle,7,1,1,7,3,3,4,0,0,100.0,42.857142857142854,57.14285714285714,100.27061144215484,135.14610743255753,85.71428571428571,71.42857142857143,4.5,6.0,6.5,7.800000000000001,100.0,0.0,0.0,0.0,0.0,1.0,1.0,42.857142857142854
TruckScenes mini,0,100-150,vehicle.bus.rigid,30,2,2,30,26,26,4,0,0,100.0,86.66666666666667,13.33333333333333,100.53735197903477,149.3429305914152,100.0,100.0,86.25,106.5,149.5,180.50000000000003,100.0,66.66666666666666,13.333333333333334,2.0,3.0,4.0,5.0,66.66666666666666
TruckScenes mini,0,100-150,vehicle.car,2496,335,8,2347,630,615,1732,15,134,94.03044871794873,25.240384615384613,68.7900641025641,100.00365658377392,149.99902983471054,77.60416666666666,62.05929487179487,3.0,7.0,14.0,28.0,93.41311419640932,2.283653846153846,0.2003205128205128,0.0,0.0,1.0,1.0,22.35612146792615
TruckScenes mini,0,100-150,vehicle.construction,15,2,1,15,14,14,1,0,0,100.0,93.33333333333333,6.666666666666665,103.88893173254276,147.9558286055628,100.0,100.0,35.5,43.0,84.0,137.79999999999998,100.0,46.666666666666664,20.0,2.0,2.0,3.5,5.6,91.66666666666667
TruckScenes mini,0,100-150,vehicle.motorcycle,23,2,2,23,3,3,20,0,0,100.0,13.043478260869565,86.95652173913044,101.61046799081518,148.97082165358046,100.0,100.0,14.0,19.0,22.0,24.0,100.0,0.0,0.0,0.0,0.0,0.0,0.8000000000000007,21.428571428571427
TruckScenes mini,0,100-150,vehicle.other,7,1,1,7,4,4,3,0,0,100.0,57.14285714285714,42.85714285714286,104.34754846657168,139.42176872710104,100.0,100.0,20.5,22.0,66.0,97.0,100.0,14.285714285714285,14.285714285714285,0.0,1.0,1.0,2.6000000000000014,57.14285714285714
TruckScenes mini,0,100-150,vehicle.trailer,206,45,6,201,140,140,61,0,5,97.57281553398059,67.96116504854369,29.61165048543689,100.1584917497393,149.832707819408,96.11650485436894,93.68932038834951,16.0,31.5,57.0,92.0,96.66666666666667,36.407766990291265,18.446601941747574,0.0,2.0,3.0,6.0,65.61823361823362
TruckScenes mini,0,100-150,vehicle.truck,349,52,9,340,234,233,107,1,8,97.42120343839542,67.0487106017192,30.372492836676223,100.04269030347422,149.65842468341535,90.25787965616045,83.3810888252149,7.0,21.0,84.0,134.0,99.0167274174627,27.507163323782237,10.028653295128938,0.0,1.0,3.0,4.199999999999989,72.48618933918668
TruckScenes mini,0,150-200,human.pedestrian.adult,7,3,1,7,0,0,7,0,0,100.0,0.0,100.0,151.83343151487963,172.49581677456774,14.285714285714285,0.0,1.0,1.0,2.0,2.4000000000000004,100.0,0.0,0.0,0.0,0.0,0.0,0.0,0.0
TruckScenes mini,0,150-200,human.pedestrian.construction_worker,4,1,1,4,0,0,4,0,0,100.0,0.0,100.0,163.26614617944938,195.2262167183891,100.0,75.0,4.75,5.5,6.0,6.0,100.0,0.0,0.0,0.0,0.0,0.0,0.0,0.0
TruckScenes mini,0,150-200,movable_object.barrier,2,1,1,2,0,0,2,0,0,100.0,0.0,100.0,169.16267041698882,177.34943401028409,0.0,0.0,1.0,1.0,1.0,1.0,100.0,0.0,0.0,0.0,0.0,0.0,0.0,0.0
TruckScenes mini,0,150-200,movable_object.trafficcone,136,50,2,129,0,0,129,0,7,94.85294117647058,0.0,94.85294117647058,150.4090177666509,199.98866853976983,41.17647058823529,16.176470588235293,1.0,2.0,4.0,5.0,93.83333333333333,0.0,0.0,0.0,0.0,0.0,0.0,0.0
TruckScenes mini,0,150-200,static_object.traffic_sign,359,70,7,344,63,63,281,0,15,95.82172701949861,17.548746518105848,78.27298050139275,150.00948473263907,199.83819887899645,83.56545961002786,77.15877437325905,5.0,11.0,41.0,96.99999999999994,95.46729461015175,3.6211699164345403,0.2785515320334262,0.0,0.0,0.0,1.1999999999999886,12.002060439560438
TruckScenes mini,0,150-200,vehicle.bicycle,2,1,1,2,1,1,1,0,0,100.0,50.0,50.0,152.47270811654,158.13781564282644,100.0,50.0,3.5,4.0,4.5,4.8,100.0,0.0,0.0,0.25,0.5,0.75,0.9,50.0
TruckScenes mini,0,150-200,vehicle.bus.rigid,13,2,2,11,9,9,2,0,2,84.61538461538461,69.23076923076923,15.384615384615385,150.73989756634435,196.61476288206904,69.23076923076923,69.23076923076923,1.0,35.0,67.0,71.2,85.71428571428572,15.384615384615385,0.0,0.0,1.0,2.0,2.8000000000000007,71.42857142857143
TruckScenes mini,0,150-200,vehicle.car,926,208,7,818,125,120,698,5,103,88.33693304535637,13.498920086393088,74.83801295896329,150.05681029796702,199.9666937233818,63.17494600431965,41.46868250539957,2.0,4.0,7.0,12.0,87.06200608387142,0.755939524838013,0.0,0.0,0.0,0.0,1.0,10.741313796877622
TruckScenes mini,0,150-200,vehicle.construction,10,2,1,10,7,7,3,0,0,100.0,70.0,30.000000000000004,156.01409936125535,198.12968170824647,100.0,100.0,10.25,15.5,23.25,28.799999999999997,100.0,50.0,10.0,0.25,2.5,3.0,4.199999999999999,70.0
TruckScenes mini,0,150-200,vehicle.motorcycle,2,1,1,2,0,0,2,0,0,100.0,0.0,100.0,152.92324720038215,156.93649967607854,100.0,100.0,13.0,13.0,13.0,13.0,100.0,0.0,0.0,0.0,0.0,0.0,0.0,0.0
TruckScenes mini,0,150-200,vehicle.other,5,1,1,5,1,1,4,0,0,100.0,20.0,80.0,150.88976136300818,197.67500225086388,100.0,100.0,7.0,9.0,11.0,14.600000000000001,100.0,0.0,0.0,0.0,0.0,0.0,0.6000000000000001,20.0
TruckScenes mini,0,150-200,vehicle.trailer,139,41,5,137,45,45,92,0,2,98.56115107913669,32.37410071942446,66.18705035971223,150.0106029512012,199.5535628715887,85.61151079136691,71.94244604316546,4.0,11.0,22.0,32.2,96.34146341463415,10.79136690647482,4.316546762589928,0.0,0.0,1.0,3.0,29.661246612466126
TruckScenes mini,0,150-200,vehicle.truck,273,46,5,269,98,97,172,1,3,98.53479853479854,35.8974358974359,62.637362637362635,150.1505883465511,199.91605376392064,89.37728937728939,82.78388278388277,7.0,12.0,27.0,49.0,98.36710603974032,5.4945054945054945,1.8315018315018317,0.0,0.0,1.0,2.0,45.773556490173796
TruckScenes mini,0,200-250,human.pedestrian.construction_worker,1,1,1,1,0,0,1,0,0,100.0,0.0,100.0,203.2730878939659,203.2730878939659,100.0,0.0,4.0,4.0,4.0,4.0,100.0,0.0,0.0,0.0,0.0,0.0,0.0,0.0
TruckScenes mini,0,200-250,movable_object.trafficcone,34,21,1,27,0,0,27,0,7,79.41176470588235,0.0,79.41176470588235,200.59790691292088,223.08859349302594,14.705882352941178,2.941176470588235,1.0,1.0,2.0,3.6999999999999993,79.36507936507935,0.0,0.0,0.0,0.0,0.0,0.0,0.0
TruckScenes mini,0,200-250,static_object.traffic_sign,68,38,3,67,0,0,67,0,1,98.52941176470588,0.0,98.52941176470588,200.00147325915378,224.38006738934413,77.94117647058823,67.64705882352942,3.0,10.0,40.25,99.30000000000001,97.36842105263158,0.0,0.0,0.0,0.0,0.0,0.0,0.0
TruckScenes mini,0,200-250,vehicle.bus.rigid,4,2,2,3,0,0,3,0,1,75.0,0.0,75.0,203.19325053068846,220.78214850317624,50.0,25.0,0.75,2.0,7.75,16.300000000000004,75.0,0.0,0.0,0.0,0.0,0.0,0.0,0.0
TruckScenes mini,0,200-250,vehicle.car,207,92,7,170,0,0,170,0,37,82.1256038647343,0.0,82.1256038647343,200.0710707473922,226.84401081084647,49.275362318840585,30.434782608695656,1.0,2.0,6.0,9.0,81.89786059351276,0.0,0.0,0.0,0.0,0.0,0.0,0.0
TruckScenes mini,0,200-250,vehicle.construction,4,2,1,4,0,0,4,0,0,100.0,0.0,100.0,200.48305494411403,214.8171436720205,75.0,50.0,2.5,6.0,10.75,13.900000000000002,100.0,0.0,0.0,0.0,0.0,0.0,0.0,0.0
TruckScenes mini,0,200-250,vehicle.other,1,1,1,1,0,0,1,0,0,100.0,0.0,100.0,209.55825989251767,209.55825989251767,0.0,0.0,2.0,2.0,2.0,2.0,100.0,0.0,0.0,0.0,0.0,0.0,0.0,0.0
TruckScenes mini,0,200-250,vehicle.trailer,38,27,3,35,1,1,34,0,3,92.10526315789474,2.631578947368421,89.47368421052632,200.52588575532198,227.4924309082738,73.68421052631578,60.526315789473685,2.25,8.0,18.0,22.300000000000004,90.74074074074075,0.0,0.0,0.0,0.0,0.0,0.0,1.8518518518518516
TruckScenes mini,0,200-250,vehicle.truck,74,32,5,70,0,0,70,0,4,94.5945945945946,0.0,94.5945945945946,200.18618301257388,229.4177589511211,77.02702702702703,54.054054054054056,3.0,5.0,17.0,30.0,96.5625,0.0,0.0,0.0,0.0,0.0,0.0,0.0
TruckScenes mini,0.5,100-150,animal,3,1,1,3,2,2,1,0,0,100.0,66.66666666666666,33.333333333333336,100.44430799804785,117.74985868321315,0.0,0.0,1.0,1.0,1.5,1.8,100.0,0.0,0.0,0.5,1.0,1.0,1.0,66.66666666666666
TruckScenes mini,0.5,100-150,human.pedestrian.adult,109,13,3,109,6,6,103,0,0,100.0,5.5045871559633035,94.4954128440367,100.08172428127371,145.57286485667052,70.64220183486239,45.87155963302752,2.0,4.0,7.0,14.200000000000003,100.0,1.834862385321101,0.9174311926605505,0.0,0.0,0.0,0.0,8.226495726495726
TruckScenes mini,0.5,100-150,human.pedestrian.construction_worker,6,1,1,6,5,5,1,0,0,100.0,83.33333333333334,16.666666666666664,100.24382602387756,147.39538134390233,100.0,100.0,10.0,11.0,12.75,14.0,100.0,16.666666666666664,0.0,1.0,1.0,1.75,2.5,83.33333333333334
TruckScenes mini,0.5,100-150,human.pedestrian.stroller,6,1,1,6,4,4,2,0,0,100.0,66.66666666666666,33.333333333333336,103.07302909921951,122.20962941244964,100.0,66.66666666666666,4.5,9.5,13.0,14.5,100.0,0.0,0.0,0.25,1.0,1.0,1.0,66.66666666666666
TruckScenes mini,0.5,100-150,movable_object.barrier,7,1,1,7,4,4,3,0,0,100.0,57.14285714285714,42.85714285714286,108.09880185061658,149.36710809144014,85.71428571428571,71.42857142857143,4.0,5.0,8.0,9.8,100.0,42.857142857142854,0.0,0.0,2.0,3.0,3.0,57.14285714285714
TruckScenes mini,0.5,100-150,movable_object.trafficcone,191,49,2,191,30,30,161,0,0,100.0,15.706806282722512,84.29319371727748,100.17272583494284,149.83532562934755,87.95811518324608,77.4869109947644,5.0,8.0,14.0,20.0,100.0,0.0,0.0,0.0,0.0,0.0,1.0,15.087463556851311
TruckScenes mini,0.5,100-150,static_object.traffic_sign,877,107,7,877,387,387,490,0,0,100.0,44.127708095781074,55.872291904218926,100.01257789779538,149.98500524582585,94.4127708095781,89.50969213226911,8.0,17.0,41.0,87.39999999999998,100.0,8.779931584948688,2.508551881413911,0.0,0.0,1.0,2.0,43.350978257540966
TruckScenes mini,0.5,100-150,vehicle.bicycle,7,1,1,7,4,4,3,0,0,100.0,57.14285714285714,42.85714285714286,100.27061144215484,135.14610743255753,85.71428571428571,85.71428571428571,5.5,7.0,7.0,8.200000000000001,100.0,0.0,0.0,0.0,1.0,1.0,1.4000000000000004,57.14285714285714
TruckScenes mini,0.5,100-150,vehicle.bus.rigid,30,2,2,30,28,28,2,0,0,100.0,93.33333333333333,6.666666666666665,100.53735197903477,149.3429305914152,100.0,100.0,89.25,115.0,162.75,205.60000000000002,100.0,80.0,43.333333333333336,3.0,4.0,6.0,8.0,83.33333333333333
TruckScenes mini,0.5,100-150,vehicle.car,2496,335,8,2491,1132,1131,1360,1,4,99.79967948717949,45.3525641025641,54.44711538461537,100.00365658377392,149.99902983471054,85.8173076923077,71.8349358974359,4.0,9.0,18.0,35.0,99.86070509336531,9.254807692307693,1.5625,0.0,0.0,1.0,2.0,41.47437331435276
TruckScenes mini,0.5,100-150,vehicle.construction,15,2,1,15,14,14,1,0,0,100.0,93.33333333333333,6.666666666666665,103.88893173254276,147.9558286055628,100.0,100.0,37.5,46.0,87.0,155.79999999999998,100.0,73.33333333333333,20.0,2.5,3.0,4.0,7.6,91.66666666666667
TruckScenes mini,0.5,100-150,vehicle.motorcycle,23,2,2,23,15,15,8,0,0,100.0,65.21739130434783,34.78260869565217,101.61046799081518,148.97082165358046,100.0,100.0,17.5,21.0,26.0,27.8,100.0,0.0,0.0,0.0,1.0,1.0,2.0,75.0
TruckScenes mini,0.5,100-150,vehicle.other,7,1,1,7,6,6,1,0,0,100.0,85.71428571428571,14.28571428571429,104.34754846657168,139.42176872710104,100.0,100.0,33.0,38.0,76.0,102.4,100.0,14.285714285714285,14.285714285714285,1.0,1.0,2.0,3.6000000000000014,85.71428571428571
TruckScenes mini,0.5,100-150,vehicle.trailer,206,45,6,206,164,164,42,0,0,100.0,79.6116504854369,20.38834951456311,100.1584917497393,149.832707819408,97.57281553398059,96.60194174757282,20.0,34.0,67.25,105.5,100.0,52.42718446601942,34.95145631067961,1.0,3.0,6.0,10.0,76.15527065527066
TruckScenes mini,0.5,100-150,vehicle.truck,349,52,9,348,305,304,44,1,0,99.7134670487106,87.39255014326648,12.320916905444124,100.04269030347422,149.65842468341535,94.26934097421203,88.25214899713467,9.0,25.0,101.0,148.0,99.88687782805428,45.845272206303726,24.355300859598856,1.0,2.0,4.0,7.0,87.74800327238407
TruckScenes mini,0.5,150-200,human.pedestrian.adult,7,3,1,7,0,0,7,0,0,100.0,0.0,100.0,151.83343151487963,172.49581677456774,14.285714285714285,0.0,1.0,1.0,2.0,2.4000000000000004,100.0,0.0,0.0,0.0,0.0,0.0,0.0,0.0
TruckScenes mini,0.5,150-200,human.pedestrian.construction_worker,4,1,1,4,1,1,3,0,0,100.0,25.0,75.0,163.26614617944938,195.2262167183891,100.0,100.0,6.5,7.0,7.25,7.7,100.0,0.0,0.0,0.0,0.0,0.25,0.7000000000000002,25.0
TruckScenes mini,0.5,150-200,movable_object.barrier,2,1,1,2,0,0,2,0,0,100.0,0.0,100.0,169.16267041698882,177.34943401028409,0.0,0.0,1.0,1.0,1.0,1.0,100.0,0.0,0.0,0.0,0.0,0.0,0.0,0.0
TruckScenes mini,0.5,150-200,movable_object.trafficcone,136,50,2,136,9,9,127,0,0,100.0,6.61764705882353,93.38235294117648,150.4090177666509,199.98866853976983,77.94117647058823,49.26470588235294,3.0,4.0,8.0,10.0,100.0,0.0,0.0,0.0,0.0,0.0,0.0,5.8999999999999995
TruckScenes mini,0.5,150-200,static_object.traffic_sign,359,70,7,359,136,136,223,0,0,100.0,37.88300835654596,62.116991643454035,150.00948473263907,199.83819887899645,91.36490250696379,85.23676880222841,7.0,15.0,49.5,114.59999999999997,100.0,12.534818941504177,3.064066852367688,0.0,0.0,1.0,3.0,34.62170191963425
TruckScenes mini,0.5,150-200,vehicle.bicycle,2,1,1,2,1,1,1,0,0,100.0,50.0,50.0,152.47270811654,158.13781564282644,100.0,50.0,4.25,4.5,4.75,4.9,100.0,0.0,0.0,0.25,0.5,0.75,0.9,50.0
TruckScenes mini,0.5,150-200,vehicle.bus.rigid,13,2,2,13,10,10,3,0,0,100.0,76.92307692307693,23.076923076923073,150.73989756634435,196.61476288206904,69.23076923076923,69.23076923076923,2.0,42.0,72.0,77.80000000000001,100.0,46.15384615384615,7.6923076923076925,1.0,2.0,3.0,4.0,78.57142857142857
TruckScenes mini,0.5,150-200,vehicle.car,926,208,7,913,260,260,653,0,13,98.59611231101512,28.077753779697623,70.51835853131749,150.05681029796702,199.9666937233818,77.10583153347731,57.45140388768899,3.0,5.0,10.0,16.0,98.04546953734258,3.6717062634989204,0.4319654427645789,0.0,0.0,1.0,2.0,22.39552146769639
TruckScenes mini,0.5,150-200,vehicle.construction,10,2,1,10,7,7,3,0,0,100.0,70.0,30.000000000000004,156.01409936125535,198.12968170824647,100.0,100.0,11.0,16.0,23.25,28.999999999999996,100.0,60.0,30.0,0.5,3.5,4.75,6.1,70.0
TruckScenes mini,0.5,150-200,vehicle.motorcycle,2,1,1,2,0,0,2,0,0,100.0,0.0,100.0,152.92324720038215,156.93649967607854,100.0,100.0,15.25,15.5,15.75,15.9,100.0,0.0,0.0,0.0,0.0,0.0,0.0,0.0
TruckScenes mini,0.5,150-200,vehicle.other,5,1,1,5,1,1,4,0,0,100.0,20.0,80.0,150.88976136300818,197.67500225086388,100.0,100.0,14.0,15.0,16.0,20.2,100.0,0.0,0.0,0.0,0.0,0.0,0.6000000000000001,20.0
TruckScenes mini,0.5,150-200,vehicle.trailer,139,41,5,139,68,68,71,0,0,100.0,48.92086330935252,51.07913669064747,150.0106029512012,199.5535628715887,92.08633093525181,80.57553956834532,6.0,14.0,29.0,40.400000000000006,100.0,17.26618705035971,9.352517985611511,0.0,0.0,2.0,4.0,47.235772357723576
TruckScenes mini,0.5,150-200,vehicle.truck,273,46,5,273,152,152,121,0,0,100.0,55.67765567765568,44.32234432234432,150.1505883465511,199.91605376392064,94.13919413919413,87.17948717948718,9.0,14.0,32.0,60.80000000000001,100.0,17.216117216117215,4.761904761904762,0.0,1.0,2.0,3.0,60.19466960105
TruckScenes mini,0.5,200-250,human.pedestrian.construction_worker,1,1,1,1,0,0,1,0,0,100.0,0.0,100.0,203.2730878939659,203.2730878939659,100.0,100.0,6.0,6.0,6.0,6.0,100.0,0.0,0.0,0.0,0.0,0.0,0.0,0.0
TruckScenes mini,0.5,200-250,movable_object.trafficcone,34,21,1,33,0,0,33,0,1,97.05882352941177,0.0,97.05882352941177,200.59790691292088,223.08859349302594,41.17647058823529,14.705882352941178,1.25,2.0,3.0,7.399999999999999,97.61904761904762,0.0,0.0,0.0,0.0,0.0,0.0,0.0
TruckScenes mini,0.5,200-250,static_object.traffic_sign,68,38,3,68,0,0,68,0,0,100.0,0.0,100.0,200.00147325915378,224.38006738934413,88.23529411764706,79.41176470588235,5.0,13.5,56.0,107.60000000000005,100.0,0.0,0.0,0.0,0.0,0.0,0.0,0.0
TruckScenes mini,0.5,200-250,vehicle.bus.rigid,4,2,2,4,0,0,4,0,0,100.0,0.0,100.0,203.19325053068846,220.78214850317624,50.0,25.0,1.0,2.5,9.5,19.400000000000006,100.0,0.0,0.0,0.0,0.0,0.0,0.0,0.0
TruckScenes mini,0.5,200-250,vehicle.car,207,92,7,196,0,0,196,0,11,94.68599033816425,0.0,94.68599033816425,200.0710707473922,226.84401081084647,67.14975845410628,44.927536231884055,2.0,4.0,8.0,11.0,95.92391304347827,0.0,0.0,0.0,0.0,0.0,0.0,0.0
TruckScenes mini,0.5,200-250,vehicle.construction,4,2,1,4,0,0,4,0,0,100.0,0.0,100.0,200.48305494411403,214.8171436720205,75.0,50.0,2.5,6.0,10.75,13.900000000000002,100.0,0.0,0.0,0.0,0.0,0.0,0.0,0.0
TruckScenes mini,0.5,200-250,vehicle.other,1,1,1,1,0,0,1,0,0,100.0,0.0,100.0,209.55825989251767,209.55825989251767,100.0,0.0,4.0,4.0,4.0,4.0,100.0,0.0,0.0,0.0,0.0,0.0,0.0,0.0
TruckScenes mini,0.5,200-250,vehicle.trailer,38,27,3,38,1,1,37,0,0,100.0,2.631578947368421,97.36842105263158,200.52588575532198,227.4924309082738,76.31578947368422,68.42105263157895,3.0,10.0,20.0,25.900000000000013,100.0,0.0,0.0,0.0,0.0,0.0,0.0,1.8518518518518516
TruckScenes mini,0.5,200-250,vehicle.truck,74,32,5,73,0,0,73,0,1,98.64864864864865,0.0,98.64864864864865,200.18618301257388,229.4177589511211,85.13513513513513,66.21621621621621,3.25,7.0,21.75,34.7,98.4375,0.0,0.0,0.0,0.0,0.0,0.0,0.0
TruckDrive scene_28_1,0,100-150,RoadObstruction,7,3,1,3,0,0,3,0,4,42.857142857142854,0.0,42.857142857142854,118.42076124826906,148.14163056552863,0.0,0.0,0.0,0.0,1.0,1.0,33.33333333333333,0.0,0.0,0.0,0.0,0.0,0.0,0.0
TruckDrive scene_28_1,0,100-150,RoadObstruction-Barrel,818,33,1,247,23,6,241,17,554,30.195599022004888,2.8117359413202934,27.383863080684595,100.01457537159469,149.97922295360033,9.168704156479219,3.4229828850855744,0.0,0.0,1.0,2.0,30.789161079345362,0.0,0.0,0.0,0.0,0.0,0.0,2.9651875612182073
TruckDrive scene_28_1,0,100-150,TrafficSign,156,6,1,19,0,0,19,0,137,12.179487179487179,0.0,12.179487179487179,100.19181652435485,149.8043785510788,0.641025641025641,0.0,0.0,0.0,0.0,1.0,8.981481481481481,0.0,0.0,0.0,0.0,0.0,0.0,0.0
TruckDrive scene_28_1,0,100-150,Vehicle,2,2,1,2,0,0,2,0,0,100.0,0.0,100.0,103.24562354992077,105.19727738209124,100.0,100.0,11.75,18.5,25.25,29.3,100.0,0.0,0.0,0.0,0.0,0.0,0.0,0.0
TruckDrive scene_28_1,0,100-150,Vehicle-Passenger,92,12,1,48,21,7,41,14,30,52.17391304347826,22.82608695652174,29.34782608695652,101.32213224682401,149.2369210404858,22.82608695652174,15.217391304347828,0.0,1.0,2.0,7.0,58.63095238095239,1.0869565217391304,0.0,0.0,0.0,0.0,1.0,24.077380952380953
TruckDrive scene_28_1,0,100-150,Vehicle-SemiTruck-Cab,56,3,1,41,51,38,3,13,2,73.21428571428571,91.07142857142857,-17.85714285714286,100.72348409572426,149.76689794980814,48.214285714285715,30.357142857142854,0.0,2.0,6.0,10.5,78.61111111111111,85.71428571428571,85.71428571428571,6.0,7.0,8.25,10.0,79.16666666666666
TruckDrive scene_28_1,0,100-150,Vehicle-SemiTruck-Trailer,82,3,1,82,77,77,5,0,0,100.0,93.90243902439023,6.0975609756097615,100.94716176235136,149.98265214178997,97.5609756097561,95.1219512195122,22.0,32.0,57.0,75.80000000000001,100.0,91.46341463414635,90.2439024390244,9.0,12.5,20.0,22.0,79.16666666666666
TruckDrive scene_28_1,0,100-150,Vehicle-Trailer,8,1,1,8,8,8,0,0,0,100.0,100.0,0.0,101.427086396625,143.95855396264096,100.0,87.5,7.5,11.5,14.25,21.9,100.0,62.5,0.0,2.0,3.0,3.25,4.0,100.0
TruckDrive scene_28_1,0,150-200,RoadObstruction,121,10,1,22,1,0,22,1,98,18.181818181818183,0.8264462809917356,17.355371900826448,150.12315334501665,199.34786625091186,9.090909090909092,4.132231404958678,0.0,0.0,0.0,2.0,17.152463549522373,0.0,0.0,0.0,0.0,0.0,0.0,0.7692307692307693
TruckDrive scene_28_1,0,150-200,RoadObstruction-Barrel,501,28,1,92,1,0,92,1,408,18.36327345309381,0.19960079840319359,18.163672654690618,150.18881488316208,199.9598835058869,4.990019960079841,1.3972055888223553,0.0,0.0,0.0,1.0,17.218472324827367,0.0,0.0,0.0,0.0,0.0,0.0,0.8928571428571428
TruckDrive scene_28_1,0,150-200,TrafficSign,135,6,1,10,0,0,10,0,125,7.4074074074074066,0.0,7.4074074074074066,150.46351837524435,199.4582304627573,1.4814814814814816,0.0,0.0,0.0,0.0,0.0,12.321428571428573,0.0,0.0,0.0,0.0,0.0,0.0,0.0
TruckDrive scene_28_1,0,150-200,Vehicle,13,2,1,5,2,2,3,0,8,38.46153846153847,15.384615384615385,23.076923076923077,153.9345667754653,177.66030580339623,23.076923076923077,7.6923076923076925,0.0,0.0,2.0,3.8000000000000007,63.63636363636363,0.0,0.0,0.0,0.0,0.0,0.8000000000000007,50.0
TruckDrive scene_28_1,0,150-200,Vehicle-Equipment,10,1,1,10,3,3,7,0,0,100.0,30.0,70.0,157.54399975837083,176.7192198830252,90.0,70.0,4.5,7.0,8.0,9.499999999999998,100.0,0.0,0.0,0.0,0.0,0.75,1.0,30.0
TruckDrive scene_28_1,0,150-200,Vehicle-Passenger,75,6,1,52,33,27,25,6,17,69.33333333333334,44.0,25.333333333333336,151.0619362964807,199.38623449739094,53.333333333333336,45.33333333333333,0.0,4.0,13.0,26.200000000000017,51.32722007722007,5.333333333333334,0.0,0.0,0.0,1.0,2.0,39.80855855855856
TruckDrive scene_28_1,0,150-200,Vehicle-SemiTruck-Cab,196,2,1,87,155,83,4,72,37,44.38775510204081,79.08163265306123,-34.693877551020414,150.28445056882035,199.9727196236663,37.244897959183675,31.63265306122449,0.0,0.0,5.0,11.0,45.38924156364851,63.775510204081634,45.40816326530612,1.0,4.0,6.0,8.0,81.66276868248134
TruckDrive scene_28_1,0,150-200,Vehicle-SemiTruck-Trailer,282,3,1,271,237,231,40,6,5,96.09929078014184,84.04255319148936,12.056737588652478,150.460035868499,199.95018127263168,95.39007092198581,92.5531914893617,16.25,46.5,69.75,91.0,97.90476190476191,57.446808510638306,42.5531914893617,1.0,3.0,10.0,17.0,58.31292517006803
TruckDrive scene_28_1,0,150-200,Vehicle-Trailer,6,1,1,4,6,4,0,2,0,66.66666666666666,100.0,-33.333333333333336,150.0086873666493,180.01756728674582,50.0,50.0,0.25,3.0,5.75,14.5,66.66666666666666,50.0,0.0,2.0,2.5,3.0,3.0,100.0
TruckDrive scene_28_1,0,200-250,RoadObstruction,127,9,1,34,0,0,34,0,93,26.77165354330709,0.0,26.77165354330709,200.00315051034195,249.01143860608167,16.535433070866144,3.937007874015748,0.0,0.0,1.0,4.0,26.41895141895142,0.0,0.0,0.0,0.0,0.0,0.0,0.0
TruckDrive scene_28_1,0,200-250,RoadObstruction-Barrel,273,19,1,54,0,0,54,0,219,19.78021978021978,0.0,19.78021978021978,200.0094819682491,249.88406295481,7.6923076923076925,2.93040293040293,0.0,0.0,0.0,2.0,20.606674027726662,0.0,0.0,0.0,0.0,0.0,0.0,0.0
TruckDrive scene_28_1,0,200-250,TrafficSign,115,6,1,24,0,0,24,0,91,20.869565217391305,0.0,20.869565217391305,200.00376600891855,249.99656504791636,3.4782608695652173,0.0,0.0,0.0,0.0,1.0,19.00871459694989,0.0,0.0,0.0,0.0,0.0,0.0,0.0
TruckDrive scene_28_1,0,200-250,Vehicle-Passenger,115,5,1,75,36,27,48,9,31,65.21739130434783,31.30434782608696,33.91304347826087,200.01251389859453,249.9157658332935,53.04347826086957,43.47826086956522,0.0,3.0,8.0,12.600000000000009,48.91445511010728,0.8695652173913043,0.0,0.0,0.0,1.0,2.0,27.39553924336533
TruckDrive scene_28_1,0,200-250,Vehicle-SemiTruck-Cab,77,1,1,19,44,10,9,34,24,24.675324675324674,57.14285714285714,-32.467532467532465,200.15387628289645,217.06820005782032,10.38961038961039,5.194805194805195,0.0,0.0,0.0,2.4000000000000057,24.675324675324674,15.584415584415584,1.2987012987012987,0.0,1.0,2.0,3.0,57.14285714285714
TruckDrive scene_28_1,0,200-250,Vehicle-SemiTruck-Trailer,67,3,1,67,55,55,12,0,0,100.0,82.08955223880598,17.910447761194025,200.20689478211568,246.40545780793374,97.01492537313433,95.52238805970148,30.0,42.0,57.5,70.4,100.0,35.82089552238806,0.0,1.0,2.0,3.0,3.3999999999999986,62.3921568627451
TruckDrive scene_28_1,0,250-300,RoadObstruction,29,5,1,8,0,0,8,0,21,27.586206896551722,0.0,27.586206896551722,250.2288925344351,299.5014125341751,20.689655172413794,0.0,0.0,0.0,1.0,4.0,36.666666666666664,0.0,0.0,0.0,0.0,0.0,0.0,0.0
TruckDrive scene_28_1,0,250-300,RoadObstruction-Barrel,218,14,1,23,0,0,23,0,195,10.550458715596331,0.0,10.550458715596331,250.11739360716103,299.87006924638484,4.128440366972478,0.45871559633027525,0.0,0.0,0.0,1.0,13.253066378066377,0.0,0.0,0.0,0.0,0.0,0.0,0.0
TruckDrive scene_28_1,0,250-300,TrafficSign,86,5,1,11,0,0,11,0,75,12.790697674418606,0.0,12.790697674418606,250.68930178872827,299.6499128197861,1.1627906976744187,1.1627906976744187,0.0,0.0,0.0,1.0,11.749019607843136,0.0,0.0,0.0,0.0,0.0,0.0,0.0
TruckDrive scene_28_1,0,250-300,Vehicle,10,1,1,8,4,4,4,0,2,80.0,40.0,40.0,265.6654006693676,266.7376496574426,70.0,60.0,2.25,5.5,6.75,9.1,80.0,0.0,0.0,0.0,0.0,1.0,1.0,40.0
TruckDrive scene_28_1,0,250-300,Vehicle-Passenger,246,4,1,176,90,80,96,10,60,71.54471544715447,36.58536585365854,34.959349593495936,250.11750228053708,299.51983694674055,67.88617886178862,60.97560975609756,0.0,6.0,12.0,19.0,50.59382795814713,2.0325203252032518,0.0,0.0,0.0,1.0,1.0,40.676990793086745
TruckDrive scene_28_1,0,250-300,Vehicle-SemiTruck-Trailer,9,1,1,9,1,1,8,0,0,100.0,11.11111111111111,88.88888888888889,252.27707426716097,299.5495255467652,100.0,100.0,7.0,8.0,10.0,20.0,100.0,0.0,0.0,0.0,0.0,0.0,0.20000000000000018,11.11111111111111
TruckDrive scene_28_1,0,300-400,RoadObstruction,5,1,1,1,0,0,1,0,4,20.0,0.0,20.0,302.34796990588984,313.69648018589555,0.0,0.0,0.0,0.0,0.0,1.2000000000000002,20.0,0.0,0.0,0.0,0.0,0.0,0.0,0.0
TruckDrive scene_28_1,0,300-400,RoadObstruction-Barrel,219,12,1,16,0,0,16,0,203,7.30593607305936,0.0,7.30593607305936,300.0392261284474,399.0340624161176,3.1963470319634704,1.82648401826484,0.0,0.0,0.0,0.0,6.342609507571144,0.0,0.0,0.0,0.0,0.0,0.0,0.0
TruckDrive scene_28_1,0,300-400,TrafficSign,14,3,1,1,0,0,1,0,13,7.142857142857142,0.0,7.142857142857142,300.4378987612268,323.81138975349904,0.0,0.0,0.0,0.0,0.0,0.0,33.33333333333333,0.0,0.0,0.0,0.0,0.0,0.0,0.0
TruckDrive scene_28_1,0,300-400,Vehicle,10,1,1,10,1,1,9,0,0,100.0,10.0,90.0,324.49513098152073,335.428006153817,70.0,30.0,2.25,4.0,6.25,7.199999999999999,100.0,0.0,0.0,0.0,0.0,0.0,0.09999999999999964,10.0
TruckDrive scene_28_1,0,300-400,Vehicle-Passenger,4,2,1,3,1,1,2,0,1,75.0,25.0,50.0,300.11902983962705,317.31857064731463,50.0,25.0,0.75,2.5,4.25,4.7,83.33333333333333,0.0,0.0,0.0,0.0,0.25,0.7000000000000002,50.0
TruckDrive scene_28_1,0,300-400,Vehicle-SemiTruck-Trailer,10,1,1,7,0,0,7,0,3,70.0,0.0,70.0,305.54652914811135,360.39229981232,70.0,50.0,1.0,4.5,6.0,6.199999999999999,70.0,0.0,0.0,0.0,0.0,0.0,0.0,0.0
TruckDrive scene_28_1,0,300-400,Vehicle-SingleUnitTruck,66,1,1,56,23,22,34,1,9,84.84848484848484,34.84848484848485,50.0,319.4434577500605,334.58773656427076,81.81818181818183,78.78787878787878,5.0,14.5,32.0,45.0,84.84848484848484,0.0,0.0,0.0,0.0,1.0,2.0,34.84848484848485
TruckDrive scene_28_1,0.5,100-150,RoadObstruction,7,3,1,6,3,2,4,1,0,85.71428571428571,42.857142857142854,42.857142857142854,118.42076124826906,148.14163056552863,57.14285714285714,57.14285714285714,1.5,7.0,8.5,11.800000000000002,66.66666666666666,0.0,0.0,0.0,0.0,1.0,1.4000000000000004,55.55555555555555
TruckDrive scene_28_1,0.5,100-150,RoadObstruction-Barrel,818,33,1,791,417,403,388,14,13,96.69926650366747,50.97799511002445,45.72127139364303,100.01457537159469,149.97922295360033,95.2322738386308,92.05378973105135,12.0,22.0,36.0,52.0,94.48345621773613,1.3447432762836184,0.0,0.0,1.0,1.0,1.0,46.42992208134404
TruckDrive scene_28_1,0.5,100-150,TrafficSign,156,6,1,124,18,16,108,2,30,79.48717948717949,11.538461538461538,67.94871794871794,100.19181652435485,149.8043785510788,75.0,65.38461538461539,2.75,9.0,18.75,38.5,74.70821661998133,0.0,0.0,0.0,0.0,0.0,1.0,8.915343915343914
TruckDrive scene_28_1,0.5,100-150,Vehicle,2,2,1,2,1,1,1,0,0,100.0,50.0,50.0,103.24562354992077,105.19727738209124,100.0,100.0,13.0,21.0,29.0,33.8,100.0,0.0,0.0,0.25,0.5,0.75,0.9,50.0
TruckDrive scene_28_1,0.5,100-150,Vehicle-Passenger,92,12,1,57,34,20,37,14,21,61.95652173913043,36.95652173913043,25.0,101.32213224682401,149.2369210404858,30.434782608695656,25.0,0.0,1.0,4.25,8.0,67.0935545935546,8.695652173913043,0.0,0.0,0.0,1.0,2.0,44.182449494949495
TruckDrive scene_28_1,0.5,100-150,Vehicle-SemiTruck-Cab,56,3,1,49,53,46,3,7,0,87.5,94.64285714285714,-7.14285714285714,100.72348409572426,149.76689794980814,66.07142857142857,42.857142857142854,2.0,4.0,7.25,13.5,91.38888888888889,89.28571428571429,85.71428571428571,8.75,12.0,13.0,15.0,87.5
TruckDrive scene_28_1,0.5,100-150,Vehicle-SemiTruck-Trailer,82,3,1,82,79,79,3,0,0,100.0,96.34146341463415,3.658536585365857,100.94716176235136,149.98265214178997,97.5609756097561,97.5609756097561,133.5,222.0,337.75,427.8,100.0,95.1219512195122,92.6829268292683,15.25,21.0,32.0,34.900000000000006,87.5
TruckDrive scene_28_1,0.5,100-150,Vehicle-Trailer,8,1,1,8,8,8,0,0,0,100.0,100.0,0.0,101.427086396625,143.95855396264096,100.0,87.5,9.75,12.0,16.5,22.5,100.0,100.0,100.0,6.0,6.0,7.0,7.6,100.0
TruckDrive scene_28_1,0.5,150-200,RoadObstruction,121,10,1,108,25,21,87,4,9,89.25619834710744,20.66115702479339,68.59504132231406,150.12315334501665,199.34786625091186,80.16528925619835,69.42148760330579,4.0,7.0,12.0,17.0,81.30341880341881,0.8264462809917356,0.0,0.0,0.0,0.0,1.0,22.105329311211666
TruckDrive scene_28_1,0.5,150-200,RoadObstruction-Barrel,501,28,1,460,103,100,360,3,38,91.81636726546905,20.55888223552894,71.25748502994011,150.18881488316208,199.9598835058869,86.82634730538922,79.64071856287424,6.0,13.0,21.0,34.0,85.61391252305118,0.39920159680638717,0.0,0.0,0.0,0.0,1.0,22.12370874923396
TruckDrive scene_28_1,0.5,150-200,TrafficSign,135,6,1,105,13,11,94,2,28,77.77777777777779,9.62962962962963,68.14814814814815,150.46351837524435,199.4582304627573,52.59259259259259,44.44444444444444,1.0,3.0,11.0,21.0,80.47619047619047,0.0,0.0,0.0,0.0,0.0,0.0,7.083333333333333
TruckDrive scene_28_1,0.5,150-200,Vehicle,13,2,1,11,3,2,9,1,1,84.61538461538461,23.076923076923077,61.53846153846154,153.9345667754653,177.66030580339623,76.92307692307693,46.15384615384615,3.0,4.0,7.0,8.0,90.90909090909092,7.6923076923076925,0.0,0.0,0.0,0.0,1.8000000000000007,54.54545454545454
TruckDrive scene_28_1,0.5,150-200,Vehicle-Equipment,10,1,1,10,10,10,0,0,0,100.0,100.0,0.0,157.54399975837083,176.7192198830252,90.0,70.0,4.5,8.0,8.75,11.499999999999998,100.0,20.0,10.0,1.0,2.0,2.0,3.1999999999999993,100.0
TruckDrive scene_28_1,0.5,150-200,Vehicle-Passenger,75,6,1,59,36,33,26,3,13,78.66666666666666,48.0,30.666666666666664,151.0619362964807,199.38623449739094,62.66666666666667,54.666666666666664,1.0,7.0,70.0,97.40000000000003,78.26576576576576,21.333333333333336,4.0,0.0,0.0,2.0,3.0,41.15990990990991
TruckDrive scene_28_1,0.5,150-200,Vehicle-SemiTruck-Cab,196,2,1,109,164,108,1,56,31,55.61224489795919,83.6734693877551,-28.061224489795922,150.28445056882035,199.9727196236663,51.02040816326531,42.857142857142854,0.0,3.0,8.0,14.0,58.23031517986412,76.0204081632653,65.81632653061224,3.0,7.0,10.0,13.0,86.71344247689052
TruckDrive scene_28_1,0.5,150-200,Vehicle-SemiTruck-Trailer,282,3,1,279,270,268,11,2,1,98.93617021276596,95.74468085106383,3.1914893617021267,150.460035868499,199.95018127263168,98.93617021276596,98.22695035460993,26.0,298.0,440.25,621.9,99.42857142857143,87.2340425531915,76.59574468085107,5.0,9.0,18.75,27.0,69.60846560846562
TruckDrive scene_28_1,0.5,150-200,Vehicle-Trailer,6,1,1,4,6,4,0,2,0,66.66666666666666,100.0,-33.333333333333336,150.0086873666493,180.01756728674582,50.0,50.0,0.25,3.0,5.75,15.0,66.66666666666666,100.0,66.66666666666666,4.25,5.5,6.0,6.0,100.0
TruckDrive scene_28_1,0.5,200-250,RoadObstruction,127,9,1,97,5,3,94,2,28,76.37795275590551,3.937007874015748,72.44094488188976,200.00315051034195,249.01143860608167,65.35433070866141,46.45669291338583,1.0,4.0,8.0,11.400000000000006,76.31143366437485,0.0,0.0,0.0,0.0,0.0,0.0,3.740014524328249
TruckDrive scene_28_1,0.5,200-250,RoadObstruction-Barrel,273,19,1,238,67,56,182,11,24,87.17948717948718,24.54212454212454,62.637362637362635,200.0094819682491,249.88406295481,79.85347985347985,72.16117216117216,4.0,9.0,19.0,27.0,81.58286845593346,0.3663003663003663,0.0,0.0,0.0,0.0,1.0,21.141012410362254
TruckDrive scene_28_1,0.5,200-250,TrafficSign,115,6,1,100,10,10,90,0,15,86.95652173913044,8.695652173913043,78.26086956521738,200.00376600891855,249.99656504791636,70.43478260869566,56.52173913043478,2.0,6.0,14.0,21.0,80.32135076252725,0.0,0.0,0.0,0.0,0.0,0.0,6.699346405228758
TruckDrive scene_28_1,0.5,200-250,Vehicle-Passenger,115,5,1,99,71,64,35,7,9,86.08695652173914,61.73913043478261,24.347826086956527,200.01251389859453,249.9157658332935,79.13043478260869,75.65217391304347,5.0,15.0,48.5,72.0,69.26406926406928,17.391304347826086,0.8695652173913043,0.0,1.0,2.0,3.0,44.82825145868624
TruckDrive scene_28_1,0.5,200-250,Vehicle-SemiTruck-Cab,77,1,1,27,61,20,7,41,9,35.064935064935064,79.22077922077922,-44.15584415584416,200.15387628289645,217.06820005782032,19.480519480519483,11.688311688311687,0.0,0.0,1.0,5.0,35.064935064935064,27.27272727272727,10.38961038961039,1.0,1.0,3.0,4.400000000000006,79.22077922077922
TruckDrive scene_28_1,0.5,200-250,Vehicle-SemiTruck-Trailer,67,3,1,67,59,59,8,0,0,100.0,88.05970149253731,11.940298507462687,200.20689478211568,246.40545780793374,98.50746268656717,97.01492537313433,263.5,311.0,337.5,356.4,100.0,88.05970149253731,73.13432835820896,4.0,6.0,8.0,9.0,66.66666666666666
TruckDrive scene_28_1,0.5,250-300,RoadObstruction,29,5,1,23,0,0,23,0,6,79.3103448275862,0.0,79.3103448275862,250.2288925344351,299.5014125341751,62.06896551724138,44.827586206896555,1.0,4.0,7.0,9.0,89.84126984126985,0.0,0.0,0.0,0.0,0.0,0.0,0.0
TruckDrive scene_28_1,0.5,250-300,RoadObstruction-Barrel,218,14,1,173,45,37,136,8,37,79.35779816513761,20.642201834862387,58.71559633027523,250.11739360716103,299.87006924638484,67.88990825688074,55.5045871559633,1.0,5.0,10.0,15.0,81.39589169000932,0.45871559633027525,0.0,0.0,0.0,0.0,1.0,18.586601307189543
TruckDrive scene_28_1,0.5,250-300,TrafficSign,86,5,1,67,0,0,67,0,19,77.90697674418605,0.0,77.90697674418605,250.68930178872827,299.6499128197861,56.97674418604651,51.162790697674424,1.0,5.0,10.0,15.5,74.61176470588235,0.0,0.0,0.0,0.0,0.0,0.0,0.0
TruckDrive scene_28_1,0.5,250-300,Vehicle,10,1,1,8,8,6,2,2,0,80.0,80.0,0.0,265.6654006693676,266.7376496574426,80.0,80.0,5.0,7.5,10.0,12.2,80.0,0.0,0.0,1.0,1.0,2.0,2.0,80.0
TruckDrive scene_28_1,0.5,250-300,Vehicle-Passenger,246,4,1,188,150,136,52,14,44,76.42276422764228,60.97560975609756,15.44715447154472,250.11750228053708,299.51983694674055,73.17073170731707,69.10569105691057,1.25,9.0,51.5,76.0,61.69518027961737,17.073170731707318,2.0325203252032518,0.0,1.0,2.0,3.0,63.20824135393672
TruckDrive scene_28_1,0.5,250-300,Vehicle-SemiTruck-Trailer,9,1,1,9,3,3,6,0,0,100.0,33.33333333333333,66.66666666666667,252.27707426716097,299.5495255467652,100.0,100.0,7.0,9.0,11.0,20.8,100.0,0.0,0.0,0.0,0.0,1.0,1.0,33.33333333333333
TruckDrive scene_28_1,0.5,300-400,RoadObstruction,5,1,1,4,0,0,4,0,1,80.0,0.0,80.0,302.34796990588984,313.69648018589555,60.0,40.0,2.0,4.0,5.0,6.800000000000001,80.0,0.0,0.0,0.0,0.0,0.0,0.0,0.0
TruckDrive scene_28_1,0.5,300-400,RoadObstruction-Barrel,219,12,1,132,29,15,117,14,73,60.273972602739725,13.24200913242009,47.03196347031963,300.0392261284474,399.0340624161176,44.74885844748858,32.42009132420091,0.0,2.0,6.0,12.0,62.72302399220558,0.45662100456621,0.0,0.0,0.0,0.0,1.0,10.383175009134089
TruckDrive scene_28_1,0.5,300-400,TrafficSign,14,3,1,5,1,0,5,1,8,35.714285714285715,7.142857142857142,28.57142857142857,300.4378987612268,323.81138975349904,21.428571428571427,14.285714285714285,0.0,0.0,1.75,6.100000000000003,57.407407407407405,0.0,0.0,0.0,0.0,0.0,0.0,3.7037037037037033
TruckDrive scene_28_1,0.5,300-400,Vehicle,10,1,1,10,3,3,7,0,0,100.0,30.0,70.0,324.49513098152073,335.428006153817,90.0,70.0,4.25,9.5,22.25,28.799999999999994,100.0,0.0,0.0,0.0,0.0,0.75,1.0999999999999996,30.0
TruckDrive scene_28_1,0.5,300-400,Vehicle-Passenger,4,2,1,3,1,1,2,0,1,75.0,25.0,50.0,300.11902983962705,317.31857064731463,75.0,50.0,3.0,4.5,6.0,7.800000000000001,83.33333333333333,0.0,0.0,0.0,0.0,0.25,0.7000000000000002,50.0
TruckDrive scene_28_1,0.5,300-400,Vehicle-SemiTruck-Trailer,10,1,1,7,0,0,7,0,3,70.0,0.0,70.0,305.54652914811135,360.39229981232,70.0,60.0,1.0,5.5,6.0,6.199999999999999,70.0,0.0,0.0,0.0,0.0,0.0,0.0,0.0
TruckDrive scene_28_1,0.5,300-400,Vehicle-SingleUnitTruck,66,1,1,59,35,35,24,0,7,89.39393939393939,53.03030303030303,36.36363636363637,319.4434577500605,334.58773656427076,89.39393939393939,89.39393939393939,28.5,46.0,69.75,82.0,89.39393939393939,13.636363636363635,0.0,0.0,1.0,2.0,3.0,53.03030303030303
