variant,margin_m,band_m,category,observations,instances,scenes,lidar_supported,radar_supported,both,lidar_only,radar_only,neither,lidar_percent,radar_percent,difference_pp,min_range_m,max_range_m,lidar_ge_3_percent,lidar_ge_5_percent,lidar_points_p25,lidar_points_p50,lidar_points_p75,lidar_points_p90,lidar_equal_track_percent,radar_ge_3_percent,radar_ge_5_percent,radar_points_p25,radar_points_p50,radar_points_p75,radar_points_p90,radar_equal_track_percent
static,0,100-150,RoadObstruction,4,3,2,1,0,0,1,0,3,25.0,0.0,25.0,124.0458251007249,145.2940934507138,0.0,0.0,0.0,0.0,0.25,0.7000000000000002,33.33333333333333,0.0,0.0,0.0,0.0,0.0,0.0,0.0
static,0,100-150,RoadObstruction-Barrel,170,33,2,49,7,1,48,6,115,28.823529411764703,4.117647058823529,24.705882352941174,100.01457537159469,149.85105342932135,8.235294117647058,2.3529411764705883,0.0,0.0,1.0,2.0,28.59307359307359,0.0,0.0,0.0,0.0,0.0,0.0,4.873737373737374
static,0,100-150,TrafficSign,153,28,3,22,2,0,22,2,129,14.37908496732026,1.3071895424836601,13.0718954248366,100.07915340275993,149.8043785510788,7.8431372549019605,5.228758169934641,0.0,0.0,0.0,1.0,10.34155328798186,0.0,0.0,0.0,0.0,0.0,0.0,1.9047619047619047
static,0,100-150,Vehicle,30,3,2,30,30,30,0,0,0,100.0,100.0,0.0,104.37622497689988,148.91381342419794,93.33333333333333,93.33333333333333,24.0,86.5,124.25,138.90000000000003,100.0,73.33333333333333,43.333333333333336,2.25,4.0,6.0,7.0,100.0
static,0,100-150,Vehicle-Other,1,1,1,1,1,1,0,0,0,100.0,100.0,0.0,130.3234563016597,130.3234563016597,0.0,0.0,2.0,2.0,2.0,2.0,100.0,100.0,100.0,7.0,7.0,7.0,7.0,100.0
static,0,100-150,Vehicle-Passenger,74,22,3,55,47,37,18,10,9,74.32432432432432,63.51351351351351,10.81081081081081,100.380581386362,149.6341155859118,64.86486486486487,51.35135135135135,0.25,6.0,21.75,32.0,60.15151515151514,25.675675675675674,2.7027027027027026,0.0,1.0,2.75,3.0,51.66666666666667
static,0,100-150,Vehicle-RV,2,1,1,2,2,2,0,0,0,100.0,100.0,0.0,106.64524990446951,133.66667790333872,100.0,100.0,7.25,8.5,9.75,10.5,100.0,0.0,0.0,1.0,1.0,1.0,1.0,100.0
static,0,100-150,Vehicle-SemiTruck-Cab,87,18,4,81,78,74,7,4,2,93.10344827586206,89.65517241379311,3.4482758620689613,100.63822132308648,147.84398735180793,82.75862068965517,79.3103448275862,7.0,31.0,88.0,130.60000000000005,92.42724867724868,68.96551724137932,41.37931034482759,2.0,4.0,6.0,8.400000000000006,85.7657260435038
static,0,100-150,Vehicle-SemiTruck-Trailer,79,18,4,77,77,75,2,2,0,97.46835443037975,97.46835443037975,0.0,100.26475808240477,149.72193380985757,94.9367088607595,93.67088607594937,24.0,64.0,177.0,231.4,98.41269841269842,84.81012658227847,81.0126582278481,6.0,14.0,22.5,27.0,93.65079365079364
static,0,100-150,Vehicle-SingleUnitTruck,20,2,1,20,19,19,1,0,0,100.0,95.0,5.000000000000004,107.89679924334742,143.5236124185936,90.0,85.0,120.5,213.0,279.0,328.4,100.0,70.0,25.0,2.0,4.0,4.25,8.600000000000009,96.875
static,0,100-150,Vehicle-Trailer,16,4,4,16,14,14,2,0,0,100.0,87.5,12.5,103.27842576703888,148.2364399300797,100.0,100.0,48.25,95.5,137.0,183.5,100.0,75.0,62.5,3.25,31.0,36.25,38.5,68.75
static,0,150-200,RoadObstruction,30,11,2,6,0,0,6,0,24,20.0,0.0,20.0,150.12315334501665,199.34786625091186,6.666666666666667,0.0,0.0,0.0,0.0,2.0,21.21212121212121,0.0,0.0,0.0,0.0,0.0,0.0,0.0
static,0,150-200,RoadObstruction-Barrel,99,29,2,14,1,0,14,1,84,14.14141414141414,1.0101010101010102,13.13131313131313,150.18881488316208,199.9384513570718,5.05050505050505,1.0101010101010102,0.0,0.0,0.0,1.0,13.230706075533663,0.0,0.0,0.0,0.0,0.0,0.0,3.4482758620689653
static,0,150-200,TrafficSign,139,34,4,13,0,0,13,0,126,9.352517985611511,0.0,9.352517985611511,150.3231986970195,199.70237418425347,2.158273381294964,2.158273381294964,0.0,0.0,0.0,0.0,10.661764705882351,0.0,0.0,0.0,0.0,0.0,0.0,0.0
static,0,150-200,Vehicle,31,5,3,23,23,17,6,6,2,74.19354838709677,74.19354838709677,0.0,150.80024684336743,197.38795765737675,70.96774193548387,64.51612903225806,0.5,13.0,21.5,101.0,53.846153846153854,29.03225806451613,0.0,0.5,1.0,3.0,3.0,70.76923076923076
static,0,150-200,Vehicle-Bus,1,1,1,0,1,0,0,1,0,0.0,100.0,-100.0,177.87542309528652,177.87542309528652,0.0,0.0,0.0,0.0,0.0,0.0,0.0,100.0,100.0,20.0,20.0,20.0,20.0,100.0
static,0,150-200,Vehicle-Equipment,2,1,1,2,0,0,2,0,0,100.0,0.0,100.0,163.3873574148229,176.7192198830252,100.0,50.0,4.25,5.5,6.75,7.5,100.0,0.0,0.0,0.0,0.0,0.0,0.0,0.0
static,0,150-200,Vehicle-Other,2,1,1,2,2,2,0,0,0,100.0,100.0,0.0,158.35541605971324,186.78623020504358,100.0,100.0,13.75,16.5,19.25,20.9,100.0,50.0,50.0,3.25,4.5,5.75,6.5,100.0
static,0,150-200,Vehicle-Passenger,64,16,4,51,28,21,30,7,6,79.6875,43.75,35.9375,150.5748978242395,199.87630076942094,64.0625,54.6875,1.0,6.5,14.0,23.700000000000003,74.62797619047619,4.6875,0.0,0.0,0.0,2.0,2.0,44.60565476190476
static,0,150-200,Vehicle-RV,2,1,1,2,0,0,2,0,0,100.0,0.0,100.0,161.29842305569787,194.50344195811496,50.0,50.0,4.0,7.0,10.0,11.8,100.0,0.0,0.0,0.0,0.0,0.0,0.0,0.0
static,0,150-200,Vehicle-SemiTruck-Cab,70,16,4,50,49,37,13,12,8,71.42857142857143,70.0,1.4285714285714346,150.28445056882035,199.9727196236663,64.28571428571429,62.857142857142854,0.0,6.0,16.75,46.2,91.14583333333333,51.42857142857142,34.285714285714285,0.0,3.0,6.0,8.0,60.88541666666667
static,0,150-200,Vehicle-SemiTruck-Trailer,97,23,4,94,83,81,13,2,1,96.90721649484536,85.56701030927834,11.340206185567014,150.2692484722888,199.71118933728965,92.78350515463917,89.69072164948454,16.0,41.0,71.0,109.00000000000003,97.57033248081841,52.57731958762887,42.2680412371134,1.0,3.0,8.0,17.0,78.11728810517342
static,0,150-200,Vehicle-SingleUnitTruck,1,1,1,0,1,0,0,1,0,0.0,100.0,-100.0,180.04087629525,180.04087629525,0.0,0.0,0.0,0.0,0.0,0.0,0.0,0.0,0.0,1.0,1.0,1.0,1.0,100.0
static,0,150-200,Vehicle-Trailer,13,4,4,13,9,9,4,0,0,100.0,69.23076923076923,30.76923076923077,153.51073085354014,196.30757620340373,92.3076923076923,92.3076923076923,44.0,79.0,131.0,209.60000000000005,100.0,69.23076923076923,53.84615384615385,0.0,11.0,20.0,27.8,58.333333333333336
static,0,200-250,RoadObstruction,33,11,2,8,0,0,8,0,25,24.242424242424242,0.0,24.242424242424242,200.63495369006688,249.01143860608167,12.121212121212121,3.0303030303030303,0.0,0.0,0.0,2.8000000000000007,21.96969696969697,0.0,0.0,0.0,0.0,0.0,0.0,0.0
static,0,200-250,RoadObstruction-Barrel,60,20,2,8,0,0,8,0,52,13.333333333333334,0.0,13.333333333333334,200.0625118208934,249.88406295481,3.3333333333333335,1.6666666666666667,0.0,0.0,0.0,1.1000000000000014,12.083333333333332,0.0,0.0,0.0,0.0,0.0,0.0,0.0
static,0,200-250,TrafficSign,121,34,5,17,0,0,17,0,104,14.049586776859504,0.0,14.049586776859504,200.46007809898492,249.66868557030105,4.132231404958678,0.8264462809917356,0.0,0.0,0.0,1.0,13.655462184873949,0.0,0.0,0.0,0.0,0.0,0.0,0.0
static,0,200-250,Vehicle,13,4,2,7,3,2,5,1,5,53.84615384615385,23.076923076923077,30.769230769230766,200.92372660649855,245.64094980450042,46.15384615384615,38.46153846153847,0.0,1.0,7.0,9.600000000000001,75.89285714285714,7.6923076923076925,0.0,0.0,0.0,0.0,2.0,16.07142857142857
static,0,200-250,Vehicle-Bus,2,1,1,2,2,2,0,0,0,100.0,100.0,0.0,208.79788513686086,239.83276001749218,50.0,50.0,3.75,6.5,9.25,10.9,100.0,100.0,100.0,7.5,8.0,8.5,8.8,100.0
static,0,200-250,Vehicle-Other,1,1,1,1,1,1,0,0,0,100.0,100.0,0.0,216.1487068441776,216.1487068441776,100.0,100.0,8.0,8.0,8.0,8.0,100.0,100.0,100.0,6.0,6.0,6.0,6.0,100.0
static,0,200-250,Vehicle-Passenger,49,10,3,37,16,11,26,5,7,75.51020408163265,32.6530612244898,42.857142857142854,201.91332212775274,249.9157658332935,73.46938775510205,67.3469387755102,1.0,10.0,21.0,30.200000000000003,35.192307692307686,2.0408163265306123,0.0,0.0,0.0,1.0,2.0,51.43356643356643
static,0,200-250,Vehicle-SemiTruck-Cab,38,13,4,25,24,17,8,7,6,65.78947368421053,63.1578947368421,2.6315789473684292,201.06925163807026,249.6109946061744,57.89473684210527,52.63157894736842,0.0,5.0,11.5,30.0,75.82417582417584,21.052631578947366,0.0,0.0,1.0,2.0,3.0,75.0
static,0,200-250,Vehicle-SemiTruck-Trailer,59,22,4,53,48,44,9,4,2,89.83050847457628,81.35593220338984,8.47457627118644,200.0481951240057,249.7046674149109,86.4406779661017,86.4406779661017,9.0,30.0,43.5,74.20000000000005,87.87878787878789,38.983050847457626,23.728813559322035,1.0,2.0,4.0,7.200000000000003,71.5909090909091
static,0,200-250,Vehicle-Trailer,11,3,3,10,8,8,2,0,1,90.9090909090909,72.72727272727273,18.181818181818176,203.3998259724022,245.33512423621337,90.9090909090909,81.81818181818183,9.0,24.0,59.5,114.0,83.33333333333334,27.27272727272727,9.090909090909092,0.5,1.0,2.5,4.0,55.55555555555555
static,0,250-300,RoadObstruction,8,4,2,0,0,0,0,0,8,0.0,0.0,0.0,250.2288925344351,290.93512442165746,0.0,0.0,0.0,0.0,0.0,0.0,0.0,0.0,0.0,0.0,0.0,0.0,0.0,0.0
static,0,250-300,RoadObstruction-Barrel,40,13,1,4,0,0,4,0,36,10.0,0.0,10.0,250.28325197553792,296.9769879253048,7.5,0.0,0.0,0.0,0.0,0.10000000000000142,10.256410256410255,0.0,0.0,0.0,0.0,0.0,0.0,0.0
static,0,250-300,TrafficSign,111,32,4,12,0,0,12,0,99,10.81081081081081,0.0,10.81081081081081,250.22779380742782,299.7593048037392,0.9009009009009009,0.0,0.0,0.0,0.0,1.0,13.28125,0.0,0.0,0.0,0.0,0.0,0.0,0.0
static,0,250-300,Vehicle,5,2,2,4,0,0,4,0,1,80.0,0.0,80.0,259.8010621796808,288.67764207435283,60.0,40.0,2.0,4.0,7.0,7.6,83.33333333333333,0.0,0.0,0.0,0.0,0.0,0.0,0.0
static,0,250-300,Vehicle-Bus,1,1,1,1,1,1,0,0,0,100.0,100.0,0.0,272.29802314717256,272.29802314717256,100.0,100.0,5.0,5.0,5.0,5.0,100.0,100.0,100.0,5.0,5.0,5.0,5.0,100.0
static,0,250-300,Vehicle-Passenger,82,8,3,68,28,26,42,2,12,82.92682926829268,34.146341463414636,48.78048780487804,250.60822551614362,297.8225789709488,80.48780487804879,74.39024390243902,4.25,8.5,18.0,25.0,63.687140804597696,1.2195121951219512,0.0,0.0,0.0,1.0,1.0,42.42995689655172
static,0,250-300,Vehicle-SemiTruck-Cab,21,12,3,13,9,6,7,3,5,61.904761904761905,42.857142857142854,19.04761904761905,254.2479486873591,294.38766159557423,61.904761904761905,57.14285714285714,0.0,6.0,8.0,14.0,56.94444444444444,0.0,0.0,0.0,0.0,1.0,1.0,38.888888888888886
static,0,250-300,Vehicle-SemiTruck-Trailer,49,20,4,46,27,24,22,3,0,93.87755102040816,55.10204081632652,38.77551020408164,250.0497157484766,299.80861071369907,89.79591836734694,79.59183673469387,6.0,11.0,23.0,54.2,92.5,16.3265306122449,10.204081632653061,0.0,1.0,2.0,4.200000000000003,50.83333333333333
static,0,250-300,Vehicle-Trailer,8,3,3,6,1,1,5,0,2,75.0,12.5,62.5,251.11907169379526,293.82702857255254,75.0,75.0,6.0,18.0,24.5,36.199999999999996,58.333333333333336,0.0,0.0,0.0,0.0,0.0,0.2999999999999998,11.11111111111111
static,0,300-400,RoadObstruction,1,1,1,0,0,0,0,0,1,0.0,0.0,0.0,305.19339503640856,305.19339503640856,0.0,0.0,0.0,0.0,0.0,0.0,0.0,0.0,0.0,0.0,0.0,0.0,0.0,0.0
static,0,300-400,RoadObstruction-Barrel,39,10,1,2,0,0,2,0,37,5.128205128205128,0.0,5.128205128205128,304.53595916952185,395.366842163772,5.128205128205128,0.0,0.0,0.0,0.0,0.0,6.666666666666667,0.0,0.0,0.0,0.0,0.0,0.0,0.0
static,0,300-400,TrafficSign,126,31,4,5,0,0,5,0,121,3.968253968253968,0.0,3.968253968253968,301.03319480211303,396.194511461061,0.0,0.0,0.0,0.0,0.0,0.0,2.6881720430107525,0.0,0.0,0.0,0.0,0.0,0.0,0.0
static,0,300-400,Vehicle,9,3,2,3,0,0,3,0,6,33.33333333333333,0.0,33.33333333333333,303.45178706196964,397.6820703976072,11.11111111111111,11.11111111111111,0.0,0.0,1.0,2.200000000000001,41.66666666666667,0.0,0.0,0.0,0.0,0.0,0.0,0.0
static,0,300-400,Vehicle-Bus,1,1,1,0,1,0,0,1,0,0.0,100.0,-100.0,311.72504000404615,311.72504000404615,0.0,0.0,0.0,0.0,0.0,0.0,0.0,0.0,0.0,1.0,1.0,1.0,1.0,100.0
static,0,300-400,Vehicle-Passenger,30,5,3,20,2,0,20,2,8,66.66666666666666,6.666666666666667,60.0,301.1243306220302,381.10379670133005,50.0,36.666666666666664,0.0,2.5,7.5,9.100000000000001,26.521739130434785,0.0,0.0,0.0,0.0,0.0,0.0,20.0
static,0,300-400,Vehicle-SemiTruck-Cab,17,8,3,11,5,4,7,1,5,64.70588235294117,29.411764705882355,35.294117647058826,301.16614732259706,381.0022030069285,52.94117647058824,47.05882352941176,0.0,4.0,6.0,11.8,72.91666666666666,11.76470588235294,11.76470588235294,0.0,0.0,1.0,3.200000000000001,35.416666666666664
static,0,300-400,Vehicle-SemiTruck-Trailer,94,16,4,86,9,9,77,0,8,91.48936170212765,9.574468085106384,81.91489361702128,301.3877330693006,397.2940439717045,90.42553191489363,82.97872340425532,6.0,14.5,31.75,51.80000000000001,83.92857142857143,4.25531914893617,1.0638297872340425,0.0,0.0,0.0,0.0,12.797619047619047
static,0,300-400,Vehicle-SingleUnitTruck,12,1,1,10,4,3,7,1,1,83.33333333333334,33.33333333333333,50.0,320.40407644957935,334.0879888175012,75.0,75.0,4.25,11.5,33.0,49.2,83.33333333333334,0.0,0.0,0.0,0.0,1.0,1.0,33.33333333333333
static,0,300-400,Vehicle-Trailer,2,1,1,2,0,0,2,0,0,100.0,0.0,100.0,323.84286928183565,353.2660326621931,50.0,50.0,4.5,8.0,11.5,13.6,100.0,0.0,0.0,0.0,0.0,0.0,0.0,0.0
static,0,200-400,RoadObstruction,42,11,2,8,0,0,8,0,34,19.047619047619047,0.0,19.047619047619047,200.63495369006688,305.19339503640856,9.523809523809524,2.380952380952381,0.0,0.0,0.0,2.0,19.62121212121212,0.0,0.0,0.0,0.0,0.0,0.0,0.0
static,0,200-400,RoadObstruction-Barrel,139,20,2,14,0,0,14,0,125,10.071942446043165,0.0,10.071942446043165,200.0625118208934,395.366842163772,5.0359712230215825,0.7194244604316548,0.0,0.0,0.0,0.20000000000000284,10.987970362970364,0.0,0.0,0.0,0.0,0.0,0.0,0.0
static,0,200-400,TrafficSign,358,45,5,34,0,0,34,0,324,9.497206703910614,0.0,9.497206703910614,200.46007809898492,396.194511461061,1.675977653631285,0.27932960893854747,0.0,0.0,0.0,0.0,7.912020078686746,0.0,0.0,0.0,0.0,0.0,0.0,0.0
static,0,200-400,Vehicle,27,7,3,14,3,2,12,1,12,51.85185185185185,11.11111111111111,40.74074074074074,200.92372660649855,397.6820703976072,37.03703703703704,29.629629629629626,0.0,1.0,6.5,8.0,71.93877551020408,3.7037037037037033,0.0,0.0,0.0,0.0,0.8000000000000043,4.8979591836734695
static,0,200-400,Vehicle-Bus,4,1,1,3,4,3,0,1,0,75.0,100.0,-25.0,208.79788513686086,311.72504000404615,50.0,50.0,0.75,3.0,6.75,9.900000000000002,75.0,75.0,75.0,4.0,6.0,7.5,8.4,100.0
static,0,200-400,Vehicle-Other,1,1,1,1,1,1,0,0,0,100.0,100.0,0.0,216.1487068441776,216.1487068441776,100.0,100.0,8.0,8.0,8.0,8.0,100.0,100.0,100.0,6.0,6.0,6.0,6.0,100.0
static,0,200-400,Vehicle-Passenger,161,11,4,125,46,37,88,9,27,77.63975155279503,28.57142857142857,49.068322981366464,201.91332212775274,381.10379670133005,72.67080745341616,65.21739130434783,2.0,8.0,17.0,26.0,43.7069340492868,1.2422360248447204,0.0,0.0,0.0,1.0,1.0,39.77861439006464
static,0,200-400,Vehicle-SemiTruck-Cab,76,14,4,49,38,27,22,11,16,64.47368421052632,50.0,14.473684210526317,201.06925163807026,381.0022030069285,57.89473684210527,52.63157894736842,0.0,5.0,9.0,19.5,65.40816326530611,13.157894736842104,2.631578947368421,0.0,0.5,2.0,3.0,48.392857142857146
static,0,200-400,Vehicle-SemiTruck-Trailer,202,23,4,185,84,77,108,7,10,91.58415841584159,41.584158415841586,50.0,200.0481951240057,397.2940439717045,89.10891089108911,83.16831683168317,6.0,15.5,35.0,58.0,87.10144927536231,17.326732673267326,9.900990099009901,0.0,0.0,2.0,4.0,46.03519668737061
static,0,200-400,Vehicle-SingleUnitTruck,12,1,1,10,4,3,7,1,1,83.33333333333334,33.33333333333333,50.0,320.40407644957935,334.0879888175012,75.0,75.0,4.25,11.5,33.0,49.2,83.33333333333334,0.0,0.0,0.0,0.0,1.0,1.0,33.33333333333333
static,0,200-400,Vehicle-Trailer,21,3,3,18,9,9,9,0,3,85.71428571428571,42.857142857142854,42.857142857142854,203.3998259724022,353.2660326621931,80.95238095238095,76.19047619047619,6.0,16.0,32.0,78.0,74.44444444444444,14.285714285714285,4.761904761904762,0.0,0.0,1.0,3.0,32.5
static,0.5,100-150,RoadObstruction,4,3,2,4,1,1,3,0,0,100.0,25.0,75.0,124.0458251007249,145.2940934507138,75.0,75.0,5.0,7.0,8.75,10.100000000000001,100.0,0.0,0.0,0.0,0.0,0.25,0.7000000000000002,33.33333333333333
static,0.5,100-150,RoadObstruction-Barrel,170,33,2,164,86,83,81,3,3,96.47058823529412,50.588235294117645,45.88235294117647,100.01457537159469,149.85105342932135,94.70588235294117,90.58823529411765,9.0,21.0,35.75,55.0,96.48629148629149,0.0,0.0,0.0,1.0,1.0,1.0,47.139249639249634
static,0.5,100-150,TrafficSign,153,28,3,101,26,12,89,14,38,66.01307189542483,16.99346405228758,49.01960784313725,100.07915340275993,149.8043785510788,49.673202614379086,39.869281045751634,0.0,2.0,13.0,35.80000000000001,69.04336734693877,0.6535947712418301,0.0,0.0,0.0,0.0,1.0,16.322278911564624
static,0.5,100-150,Vehicle,30,3,2,30,30,30,0,0,0,100.0,100.0,0.0,104.37622497689988,148.91381342419794,100.0,100.0,59.0,89.5,124.25,141.60000000000002,100.0,96.66666666666667,76.66666666666667,5.0,7.0,8.75,10.0,100.0
static,0.5,100-150,Vehicle-Other,1,1,1,1,1,1,0,0,0,100.0,100.0,0.0,130.3234563016597,130.3234563016597,0.0,0.0,2.0,2.0,2.0,2.0,100.0,100.0,100.0,11.0,11.0,11.0,11.0,100.0
static,0.5,100-150,Vehicle-Passenger,74,22,3,66,58,55,11,3,5,89.1891891891892,78.37837837837837,10.81081081081081,100.380581386362,149.6341155859118,77.02702702702703,70.27027027027027,4.0,14.0,50.5,85.0,82.95454545454545,62.16216216216216,37.83783783783784,1.25,3.0,5.75,8.0,59.09090909090908
static,0.5,100-150,Vehicle-RV,2,1,1,2,2,2,0,0,0,100.0,100.0,0.0,106.64524990446951,133.66667790333872,100.0,100.0,17.0,18.0,19.0,19.6,100.0,100.0,100.0,8.5,11.0,13.5,15.0,100.0
static,0.5,100-150,Vehicle-SemiTruck-Cab,87,18,4,82,85,81,1,4,1,94.25287356321839,97.70114942528735,-3.4482758620689724,100.63822132308648,147.84398735180793,91.95402298850574,87.35632183908046,13.0,58.0,176.0,260.6,93.81613756613757,93.10344827586206,80.45977011494253,6.0,7.0,9.0,13.0,94.04761904761905
static,0.5,100-150,Vehicle-SemiTruck-Trailer,79,18,4,79,79,79,0,0,0,100.0,100.0,0.0,100.26475808240477,149.72193380985757,100.0,98.73417721518987,39.5,124.0,397.0,662.8000000000001,100.0,98.73417721518987,92.40506329113924,12.0,20.0,32.5,41.2,100.0
static,0.5,100-150,Vehicle-SingleUnitTruck,20,2,1,20,20,20,0,0,0,100.0,100.0,0.0,107.89679924334742,143.5236124185936,100.0,100.0,138.5,223.0,296.25,340.50000000000006,100.0,95.0,90.0,7.0,9.0,9.25,13.400000000000006,100.0
static,0.5,100-150,Vehicle-Trailer,16,4,4,16,16,16,0,0,0,100.0,100.0,0.0,103.27842576703888,148.2364399300797,100.0,100.0,72.25,395.5,733.5,1034.5,100.0,81.25,81.25,6.0,43.5,48.5,52.0,100.0
static,0.5,150-200,RoadObstruction,30,11,2,27,4,4,23,0,3,90.0,13.333333333333334,76.66666666666667,150.12315334501665,199.34786625091186,80.0,60.0,4.0,6.0,9.75,14.0,89.39393939393938,3.3333333333333335,0.0,0.0,0.0,0.0,1.0,17.424242424242422
static,0.5,150-200,RoadObstruction-Barrel,99,29,2,91,21,20,71,1,7,91.91919191919192,21.21212121212121,70.70707070707071,150.18881488316208,199.9384513570718,82.82828282828282,76.76767676767676,5.0,11.0,19.0,31.60000000000001,91.37931034482759,0.0,0.0,0.0,0.0,0.0,1.0,23.60016420361248
static,0.5,150-200,TrafficSign,139,34,4,93,17,14,79,3,43,66.90647482014388,12.23021582733813,54.67625899280575,150.3231986970195,199.70237418425347,46.76258992805755,41.007194244604314,0.0,2.0,10.0,23.200000000000003,68.10224089635855,0.0,0.0,0.0,0.0,0.0,1.0,12.81862745098039
static,0.5,150-200,Vehicle,31,5,3,26,28,23,3,5,0,83.87096774193549,90.32258064516128,-6.451612903225801,150.80024684336743,197.38795765737675,83.87096774193549,74.19354838709677,5.5,16.0,24.5,102.0,83.84615384615385,48.38709677419355,19.35483870967742,1.0,2.0,3.5,5.0,86.92307692307693
static,0.5,150-200,Vehicle-Bus,1,1,1,0,1,0,0,1,0,0.0,100.0,-100.0,177.87542309528652,177.87542309528652,0.0,0.0,0.0,0.0,0.0,0.0,0.0,100.0,100.0,22.0,22.0,22.0,22.0,100.0
static,0.5,150-200,Vehicle-Equipment,2,1,1,2,2,2,0,0,0,100.0,100.0,0.0,163.3873574148229,176.7192198830252,100.0,50.0,4.25,5.5,6.75,7.5,100.0,0.0,0.0,1.25,1.5,1.75,1.9,100.0
static,0.5,150-200,Vehicle-Other,2,1,1,2,2,2,0,0,0,100.0,100.0,0.0,158.35541605971324,186.78623020504358,100.0,100.0,23.75,26.5,29.25,30.9,100.0,100.0,100.0,14.5,15.0,15.5,15.8,100.0
static,0.5,150-200,Vehicle-Passenger,64,16,4,56,44,40,16,4,4,87.5,68.75,18.75,150.5748978242395,199.87630076942094,75.0,68.75,3.5,10.0,28.25,38.10000000000001,85.9375,26.5625,3.125,0.0,1.0,3.0,3.0,62.425595238095234
static,0.5,150-200,Vehicle-RV,2,1,1,2,2,2,0,0,0,100.0,100.0,0.0,161.29842305569787,194.50344195811496,50.0,50.0,6.25,11.5,16.75,19.9,100.0,50.0,50.0,2.25,3.5,4.75,5.5,100.0
static,0.5,150-200,Vehicle-SemiTruck-Cab,70,16,4,54,61,51,3,10,6,77.14285714285715,87.14285714285714,-9.999999999999998,150.28445056882035,199.9727196236663,70.0,65.71428571428571,1.0,8.5,20.75,56.2,92.5,65.71428571428571,55.714285714285715,1.0,6.0,9.0,11.0,88.02083333333333
static,0.5,150-200,Vehicle-SemiTruck-Trailer,97,23,4,95,93,91,4,2,0,97.9381443298969,95.87628865979381,2.0618556701030855,150.2692484722888,199.71118933728965,95.87628865979381,95.87628865979381,29.0,87.0,354.0,518.0000000000003,97.69820971867007,83.50515463917526,73.19587628865979,4.0,7.0,14.0,22.80000000000001,91.17647058823529
static,0.5,150-200,Vehicle-SingleUnitTruck,1,1,1,0,1,0,0,1,0,0.0,100.0,-100.0,180.04087629525,180.04087629525,0.0,0.0,0.0,0.0,0.0,0.0,0.0,0.0,0.0,2.0,2.0,2.0,2.0,100.0
static,0.5,150-200,Vehicle-Trailer,13,4,4,13,11,11,2,0,0,100.0,84.61538461538461,15.384615384615385,153.51073085354014,196.30757620340373,92.3076923076923,92.3076923076923,61.0,263.0,381.0,532.2,100.0,69.23076923076923,61.53846153846154,1.0,13.0,27.0,37.2,75.0
static,0.5,200-250,RoadObstruction,33,11,2,23,2,2,21,0,10,69.6969696969697,6.0606060606060606,63.63636363636365,200.63495369006688,249.01143860608167,60.60606060606061,36.36363636363637,0.0,3.0,6.0,8.0,72.72727272727272,0.0,0.0,0.0,0.0,0.0,0.0,6.8181818181818175
static,0.5,200-250,RoadObstruction-Barrel,60,20,2,48,16,13,35,3,9,80.0,26.666666666666668,53.33333333333334,200.0625118208934,249.88406295481,73.33333333333333,68.33333333333333,2.0,9.5,19.5,24.300000000000004,78.74999999999999,0.0,0.0,0.0,0.0,1.0,1.0,22.08333333333333
static,0.5,200-250,TrafficSign,121,34,5,79,8,7,72,1,41,65.28925619834712,6.6115702479338845,58.67768595041323,200.46007809898492,249.66868557030105,47.107438016528924,38.01652892561984,0.0,2.0,8.0,18.0,62.95868347338934,0.0,0.0,0.0,0.0,0.0,0.0,6.61764705882353
static,0.5,200-250,Vehicle,13,4,2,8,8,4,4,4,1,61.53846153846154,61.53846153846154,0.0,200.92372660649855,245.64094980450042,53.84615384615385,53.84615384615385,0.0,8.0,12.0,14.8,82.14285714285714,15.384615384615385,0.0,0.0,1.0,2.0,2.8000000000000007,33.92857142857143
static,0.5,200-250,Vehicle-Bus,2,1,1,2,2,2,0,0,0,100.0,100.0,0.0,208.79788513686086,239.83276001749218,50.0,50.0,3.75,6.5,9.25,10.9,100.0,100.0,100.0,10.0,11.0,12.0,12.6,100.0
static,0.5,200-250,Vehicle-Other,1,1,1,1,1,1,0,0,0,100.0,100.0,0.0,216.1487068441776,216.1487068441776,100.0,100.0,8.0,8.0,8.0,8.0,100.0,100.0,100.0,15.0,15.0,15.0,15.0,100.0
static,0.5,200-250,Vehicle-Passenger,49,10,3,43,34,31,12,3,3,87.75510204081633,69.38775510204081,18.36734693877551,201.91332212775274,249.9157658332935,85.71428571428571,85.71428571428571,12.0,27.0,43.0,61.2,62.5,16.3265306122449,0.0,0.0,2.0,2.0,3.0,62.60489510489511
static,0.5,200-250,Vehicle-SemiTruck-Cab,38,13,4,29,30,24,5,6,3,76.31578947368422,78.94736842105263,-2.631578947368418,201.06925163807026,249.6109946061744,63.1578947368421,57.89473684210527,1.0,5.0,16.5,33.10000000000003,85.16483516483517,34.21052631578947,15.789473684210526,1.0,2.0,3.0,5.0,86.26373626373626
static,0.5,200-250,Vehicle-SemiTruck-Trailer,59,22,4,53,53,49,4,4,2,89.83050847457628,89.83050847457628,0.0,200.0481951240057,249.7046674149109,89.83050847457628,88.13559322033898,18.5,43.0,337.0,996.2000000000003,87.87878787878789,61.016949152542374,38.983050847457626,2.0,3.0,7.5,9.200000000000003,84.0909090909091
static,0.5,200-250,Vehicle-Trailer,11,3,3,10,8,8,2,0,1,90.9090909090909,72.72727272727273,18.181818181818176,203.3998259724022,245.33512423621337,90.9090909090909,90.9090909090909,15.5,54.0,129.0,239.0,83.33333333333334,36.36363636363637,27.27272727272727,0.5,2.0,4.0,6.0,55.55555555555555
static,0.5,250-300,RoadObstruction,8,4,2,5,0,0,5,0,3,62.5,0.0,62.5,250.2288925344351,290.93512442165746,62.5,50.0,0.0,4.5,6.25,7.3,50.0,0.0,0.0,0.0,0.0,0.0,0.0,0.0
static,0.5,250-300,RoadObstruction-Barrel,40,13,1,33,8,8,25,0,7,82.5,20.0,62.5,250.28325197553792,296.9769879253048,60.0,45.0,1.0,3.5,11.0,16.0,85.25641025641025,0.0,0.0,0.0,0.0,0.0,1.0,19.871794871794872
static,0.5,250-300,TrafficSign,111,32,4,67,5,5,62,0,44,60.36036036036037,4.504504504504505,55.855855855855864,250.22779380742782,299.7593048037392,49.549549549549546,37.83783783783784,0.0,2.0,8.0,13.0,62.96073717948718,0.0,0.0,0.0,0.0,0.0,0.0,4.947916666666666
static,0.5,250-300,Vehicle,5,2,2,4,1,1,3,0,1,80.0,20.0,60.00000000000001,259.8010621796808,288.67764207435283,80.0,80.0,5.0,7.0,12.0,12.6,83.33333333333333,0.0,0.0,0.0,0.0,0.0,0.6000000000000001,16.666666666666664
static,0.5,250-300,Vehicle-Bus,1,1,1,1,1,1,0,0,0,100.0,100.0,0.0,272.29802314717256,272.29802314717256,100.0,100.0,5.0,5.0,5.0,5.0,100.0,100.0,100.0,6.0,6.0,6.0,6.0,100.0
static,0.5,250-300,Vehicle-Passenger,82,8,3,72,46,45,27,1,9,87.8048780487805,56.09756097560976,31.707317073170728,250.60822551614362,297.8225789709488,84.14634146341463,84.14634146341463,6.25,20.0,36.5,66.80000000000001,77.80172413793103,9.75609756097561,0.0,0.0,1.0,2.0,2.0,60.3142959770115
static,0.5,250-300,Vehicle-SemiTruck-Cab,21,12,3,15,12,8,7,4,2,71.42857142857143,57.14285714285714,14.28571428571429,254.2479486873591,294.38766159557423,71.42857142857143,66.66666666666666,0.0,6.0,12.0,16.0,68.05555555555554,9.523809523809524,0.0,0.0,1.0,2.0,2.0,58.333333333333336
static,0.5,250-300,Vehicle-SemiTruck-Trailer,49,20,4,46,30,27,19,3,0,93.87755102040816,61.224489795918366,32.6530612244898,250.0497157484766,299.80861071369907,93.87755102040816,85.71428571428571,7.0,33.0,136.0,632.4000000000004,92.5,32.6530612244898,14.285714285714285,0.0,1.0,3.0,5.0,55.00000000000001
static,0.5,250-300,Vehicle-Trailer,8,3,3,6,3,3,3,0,2,75.0,37.5,37.5,251.11907169379526,293.82702857255254,75.0,75.0,10.5,34.0,40.25,45.8,58.333333333333336,25.0,0.0,0.0,0.0,1.75,4.0,30.555555555555554
static,0.5,300-400,RoadObstruction,1,1,1,1,0,0,1,0,0,100.0,0.0,100.0,305.19339503640856,305.19339503640856,100.0,100.0,5.0,5.0,5.0,5.0,100.0,0.0,0.0,0.0,0.0,0.0,0.0,0.0
static,0.5,300-400,RoadObstruction-Barrel,39,10,1,21,5,2,19,3,15,53.84615384615385,12.82051282051282,41.02564102564102,304.53595916952185,395.366842163772,48.717948717948715,46.15384615384615,0.0,1.0,7.0,11.0,64.28571428571429,0.0,0.0,0.0,0.0,0.0,1.0,15.095238095238095
static,0.5,300-400,TrafficSign,126,31,4,62,0,0,62,0,64,49.2063492063492,0.0,49.2063492063492,301.03319480211303,396.194511461061,29.365079365079367,19.841269841269842,0.0,0.0,4.0,7.0,42.97235023041475,0.0,0.0,0.0,0.0,0.0,0.0,0.0
static,0.5,300-400,Vehicle,9,3,2,6,0,0,6,0,3,66.66666666666666,0.0,66.66666666666666,303.45178706196964,397.6820703976072,66.66666666666666,66.66666666666666,0.0,9.0,36.0,47.400000000000006,69.44444444444446,0.0,0.0,0.0,0.0,0.0,0.0,0.0
static,0.5,300-400,Vehicle-Bus,1,1,1,0,1,0,0,1,0,0.0,100.0,-100.0,311.72504000404615,311.72504000404615,0.0,0.0,0.0,0.0,0.0,0.0,0.0,0.0,0.0,2.0,2.0,2.0,2.0,100.0
static,0.5,300-400,Vehicle-Passenger,30,5,3,26,3,1,25,2,2,86.66666666666667,10.0,76.66666666666667,301.1243306220302,381.10379670133005,70.0,63.33333333333333,2.0,9.5,16.5,21.200000000000003,59.13043478260869,0.0,0.0,0.0,0.0,0.0,0.20000000000000284,30.0
static,0.5,300-400,Vehicle-SemiTruck-Cab,17,8,3,11,5,4,7,1,5,64.70588235294117,29.411764705882355,35.294117647058826,301.16614732259706,381.0022030069285,58.82352941176471,52.94117647058824,0.0,5.0,10.0,11.8,72.91666666666666,11.76470588235294,11.76470588235294,0.0,0.0,2.0,3.200000000000001,35.416666666666664
static,0.5,300-400,Vehicle-SemiTruck-Trailer,94,16,4,90,12,11,79,1,3,95.74468085106383,12.76595744680851,82.97872340425533,301.3877330693006,397.2940439717045,95.74468085106383,93.61702127659575,23.75,87.0,137.25,231.60000000000016,87.5,5.319148936170213,2.127659574468085,0.0,0.0,0.0,1.0,17.708333333333332
static,0.5,300-400,Vehicle-SingleUnitTruck,12,1,1,11,7,7,4,0,1,91.66666666666666,58.333333333333336,33.33333333333333,320.40407644957935,334.0879888175012,91.66666666666666,91.66666666666666,25.25,42.0,57.5,82.7,91.66666666666666,0.0,0.0,0.0,1.0,2.0,2.0,58.333333333333336
static,0.5,300-400,Vehicle-Trailer,2,1,1,2,0,0,2,0,0,100.0,0.0,100.0,323.84286928183565,353.2660326621931,50.0,50.0,7.25,13.5,19.75,23.5,100.0,0.0,0.0,0.0,0.0,0.0,0.0,0.0
static,0.5,200-400,RoadObstruction,42,11,2,29,2,2,27,0,13,69.04761904761905,4.761904761904762,64.28571428571428,200.63495369006688,305.19339503640856,61.904761904761905,40.476190476190474,0.0,3.0,6.0,8.0,72.72727272727272,0.0,0.0,0.0,0.0,0.0,0.0,6.8181818181818175
static,0.5,200-400,RoadObstruction-Barrel,139,20,2,102,29,23,79,6,31,73.38129496402878,20.863309352517987,52.51798561151079,200.0625118208934,395.366842163772,62.589928057553955,55.39568345323741,0.0,6.0,13.0,21.200000000000003,75.85872460872461,0.0,0.0,0.0,0.0,0.0,1.0,13.949592074592074
static,0.5,200-400,TrafficSign,358,45,5,208,13,12,196,1,149,58.10055865921788,3.6312849162011176,54.469273743016764,200.46007809898492,396.194511461061,41.62011173184357,31.564245810055862,0.0,1.0,6.0,13.0,51.06463906463906,0.0,0.0,0.0,0.0,0.0,0.0,2.7547822547822545
static,0.5,200-400,Vehicle,27,7,3,18,9,5,13,4,5,66.66666666666666,33.33333333333333,33.33333333333333,200.92372660649855,397.6820703976072,62.96296296296296,62.96296296296296,0.0,8.0,13.5,26.400000000000034,81.93877551020408,7.4074074074074066,0.0,0.0,0.0,1.0,2.0,16.53061224489796
static,0.5,200-400,Vehicle-Bus,4,1,1,3,4,3,0,1,0,75.0,100.0,-25.0,208.79788513686086,311.72504000404615,50.0,50.0,0.75,3.0,6.75,9.900000000000002,75.0,75.0,75.0,5.0,7.5,10.0,11.8,100.0
static,0.5,200-400,Vehicle-Other,1,1,1,1,1,1,0,0,0,100.0,100.0,0.0,216.1487068441776,216.1487068441776,100.0,100.0,8.0,8.0,8.0,8.0,100.0,100.0,100.0,15.0,15.0,15.0,15.0,100.0
static,0.5,200-400,Vehicle-Passenger,161,11,4,141,83,77,64,6,14,87.5776397515528,51.5527950310559,36.024844720496894,201.91332212775274,381.10379670133005,81.98757763975155,80.74534161490683,6.0,18.0,35.0,58.0,67.73597216180949,9.937888198757763,0.0,0.0,1.0,2.0,2.0,52.67387619804712
static,0.5,200-400,Vehicle-SemiTruck-Cab,76,14,4,55,47,36,19,11,10,72.36842105263158,61.8421052631579,10.526315789473683,201.06925163807026,381.0022030069285,64.47368421052632,59.210526315789465,0.0,5.5,11.25,28.0,72.89115646258503,22.36842105263158,10.526315789473683,0.0,1.0,2.0,4.5,59.14965986394557
static,0.5,200-400,Vehicle-SemiTruck-Trailer,202,23,4,189,95,87,102,8,5,93.56435643564357,47.02970297029702,46.534653465346544,200.0481951240057,397.2940439717045,93.56435643564357,90.0990099009901,15.0,64.5,164.25,450.4000000000001,88.34368530020703,28.217821782178216,15.841584158415841,0.0,0.0,3.0,6.0,53.99585921325052
static,0.5,200-400,Vehicle-SingleUnitTruck,12,1,1,11,7,7,4,0,1,91.66666666666666,58.333333333333336,33.33333333333333,320.40407644957935,334.0879888175012,91.66666666666666,91.66666666666666,25.25,42.0,57.5,82.7,91.66666666666666,0.0,0.0,0.0,1.0,2.0,2.0,58.333333333333336
static,0.5,200-400,Vehicle-Trailer,21,3,3,18,11,11,7,0,3,85.71428571428571,52.38095238095239,33.33333333333333,203.3998259724022,353.2660326621931,80.95238095238095,80.95238095238095,14.0,34.0,54.0,144.0,74.44444444444444,28.57142857142857,14.285714285714285,0.0,1.0,3.0,5.0,40.0
aligned,0,100-150,RoadObstruction,4,3,2,4,0,0,4,0,0,100.0,0.0,100.0,124.0458251007249,145.2940934507138,100.0,100.0,6.75,8.5,11.75,14.900000000000002,100.0,0.0,0.0,0.0,0.0,0.0,0.0,0.0
aligned,0,100-150,RoadObstruction-Barrel,170,33,2,161,19,18,143,1,8,94.70588235294117,11.176470588235295,83.52941176470587,100.01457537159469,149.85105342932135,92.3529411764706,91.76470588235294,15.0,37.0,68.75,84.1,92.19336219336219,0.0,0.0,0.0,0.0,0.0,1.0,11.374458874458874
aligned,0,100-150,TrafficSign,153,28,3,104,2,1,103,1,48,67.97385620915033,1.3071895424836601,66.66666666666667,100.07915340275993,149.8043785510788,56.86274509803921,47.712418300653596,0.0,4.0,33.0,108.00000000000006,74.46003401360545,0.0,0.0,0.0,0.0,0.0,0.0,1.636904761904762
aligned,0,100-150,Vehicle,30,3,2,30,30,30,0,0,0,100.0,100.0,0.0,104.37622497689988,148.91381342419794,96.66666666666667,96.66666666666667,24.0,86.0,124.5,138.70000000000002,100.0,73.33333333333333,43.333333333333336,2.25,4.0,5.0,7.0,100.0
aligned,0,100-150,Vehicle-Other,1,1,1,1,1,1,0,0,0,100.0,100.0,0.0,130.3234563016597,130.3234563016597,0.0,0.0,2.0,2.0,2.0,2.0,100.0,100.0,100.0,7.0,7.0,7.0,7.0,100.0
aligned,0,100-150,Vehicle-Passenger,74,22,3,62,44,42,20,2,10,83.78378378378379,59.45945945945946,24.32432432432432,100.380581386362,149.6341155859118,72.97297297297297,66.21621621621621,2.0,10.0,49.0,79.20000000000002,72.34848484848484,13.513513513513514,2.7027027027027026,0.0,1.0,2.0,3.0,51.13636363636365
aligned,0,100-150,Vehicle-RV,2,1,1,2,2,2,0,0,0,100.0,100.0,0.0,106.64524990446951,133.66667790333872,100.0,100.0,6.0,7.0,8.0,8.6,100.0,0.0,0.0,1.25,1.5,1.75,1.9,100.0
aligned,0,100-150,Vehicle-SemiTruck-Cab,87,18,4,79,79,73,6,6,2,90.80459770114942,90.80459770114942,0.0,100.63822132308648,147.84398735180793,87.35632183908046,82.75862068965517,8.5,33.0,176.5,280.20000000000005,89.64947089947091,68.96551724137932,42.5287356321839,2.0,4.0,6.0,9.400000000000006,87.61757789535567
aligned,0,100-150,Vehicle-SemiTruck-Trailer,79,18,4,76,77,74,2,3,0,96.20253164556962,97.46835443037975,-1.2658227848101222,100.26475808240477,149.72193380985757,94.9367088607595,93.67088607594937,26.0,119.0,469.5,602.0,97.6190476190476,84.81012658227847,79.74683544303798,6.0,13.0,22.0,26.200000000000003,93.65079365079364
aligned,0,100-150,Vehicle-SingleUnitTruck,20,2,1,20,19,19,1,0,0,100.0,95.0,5.000000000000004,107.89679924334742,143.5236124185936,95.0,95.0,123.0,211.5,279.25,328.6,100.0,70.0,25.0,2.0,4.0,4.25,8.600000000000009,96.875
aligned,0,100-150,Vehicle-Trailer,16,4,4,16,14,14,2,0,0,100.0,87.5,12.5,103.27842576703888,148.2364399300797,100.0,93.75,47.25,386.5,829.5,1170.5,100.0,75.0,68.75,3.25,31.0,35.0,35.5,68.75
aligned,0,150-200,RoadObstruction,30,11,2,27,1,1,26,0,3,90.0,3.3333333333333335,86.66666666666667,150.12315334501665,199.34786625091186,86.66666666666667,66.66666666666666,4.0,10.0,14.5,17.200000000000003,90.9090909090909,0.0,0.0,0.0,0.0,0.0,0.0,2.272727272727273
aligned,0,150-200,RoadObstruction-Barrel,99,29,2,94,3,3,91,0,5,94.94949494949495,3.0303030303030303,91.91919191919192,150.18881488316208,199.9384513570718,93.93939393939394,90.9090909090909,12.0,22.0,39.5,49.2,93.10344827586206,0.0,0.0,0.0,0.0,0.0,0.0,5.0
aligned,0,150-200,TrafficSign,139,34,4,108,2,2,106,0,31,77.6978417266187,1.4388489208633095,76.2589928057554,150.3231986970195,199.70237418425347,68.34532374100719,56.83453237410072,1.0,6.0,24.0,65.4,80.57422969187675,0.0,0.0,0.0,0.0,0.0,0.0,1.7156862745098038
aligned,0,150-200,Vehicle,31,5,3,25,23,18,7,5,1,80.64516129032258,74.19354838709677,6.451612903225801,150.80024684336743,197.38795765737675,80.64516129032258,74.19354838709677,5.0,13.0,21.5,96.0,82.3076923076923,32.25806451612903,0.0,0.5,1.0,3.0,3.0,70.76923076923076
aligned,0,150-200,Vehicle-Bus,1,1,1,0,1,0,0,1,0,0.0,100.0,-100.0,177.87542309528652,177.87542309528652,0.0,0.0,0.0,0.0,0.0,0.0,0.0,100.0,100.0,20.0,20.0,20.0,20.0,100.0
aligned,0,150-200,Vehicle-Equipment,2,1,1,2,1,1,1,0,0,100.0,50.0,50.0,163.3873574148229,176.7192198830252,50.0,50.0,3.25,4.5,5.75,6.5,100.0,0.0,0.0,0.25,0.5,0.75,0.9,50.0
aligned,0,150-200,Vehicle-Other,2,1,1,2,2,2,0,0,0,100.0,100.0,0.0,158.35541605971324,186.78623020504358,100.0,100.0,11.5,15.0,18.5,20.6,100.0,50.0,50.0,3.25,4.5,5.75,6.5,100.0
aligned,0,150-200,Vehicle-Passenger,64,16,4,54,26,21,33,5,5,84.375,40.625,43.75,150.5748978242395,199.87630076942094,73.4375,67.1875,1.75,10.0,29.25,43.0,83.33333333333333,4.6875,1.5625,0.0,0.0,1.0,2.0,48.679315476190474
aligned,0,150-200,Vehicle-RV,2,1,1,2,0,0,2,0,0,100.0,0.0,100.0,161.29842305569787,194.50344195811496,50.0,50.0,4.0,7.0,10.0,11.8,100.0,0.0,0.0,0.0,0.0,0.0,0.0,0.0
aligned,0,150-200,Vehicle-SemiTruck-Cab,70,16,4,50,51,39,11,12,8,71.42857142857143,72.85714285714285,-1.4285714285714235,150.28445056882035,199.9727196236663,65.71428571428571,61.42857142857143,0.0,7.0,18.75,50.60000000000001,88.125,48.57142857142857,31.428571428571427,0.0,2.0,5.75,8.0,67.13541666666667
aligned,0,150-200,Vehicle-SemiTruck-Trailer,97,23,4,96,81,80,16,1,0,98.96907216494846,83.50515463917526,15.463917525773196,150.2692484722888,199.71118933728965,96.90721649484536,95.87628865979381,25.0,80.0,524.0,715.6,97.82608695652173,51.546391752577314,45.36082474226804,1.0,4.0,8.0,17.0,75.8154978238435
aligned,0,150-200,Vehicle-SingleUnitTruck,1,1,1,0,1,0,0,1,0,0.0,100.0,-100.0,180.04087629525,180.04087629525,0.0,0.0,0.0,0.0,0.0,0.0,0.0,0.0,0.0,1.0,1.0,1.0,1.0,100.0
aligned,0,150-200,Vehicle-Trailer,13,4,4,13,9,9,4,0,0,100.0,69.23076923076923,30.76923076923077,153.51073085354014,196.30757620340373,92.3076923076923,92.3076923076923,50.0,268.0,397.0,516.4,100.0,69.23076923076923,53.84615384615385,0.0,10.0,19.0,27.8,58.333333333333336
aligned,0,200-250,RoadObstruction,33,11,2,21,0,0,21,0,12,63.63636363636363,0.0,63.63636363636363,200.63495369006688,249.01143860608167,42.42424242424242,15.151515151515152,0.0,2.0,4.0,7.400000000000002,62.878787878787875,0.0,0.0,0.0,0.0,0.0,0.0,0.0
aligned,0,200-250,RoadObstruction-Barrel,60,20,2,54,2,2,52,0,6,90.0,3.3333333333333335,86.66666666666667,200.0625118208934,249.88406295481,88.33333333333333,83.33333333333334,9.75,22.5,28.0,33.1,85.83333333333331,0.0,0.0,0.0,0.0,0.0,0.0,2.5
aligned,0,200-250,TrafficSign,121,34,5,89,1,1,88,0,32,73.55371900826447,0.8264462809917356,72.72727272727273,200.46007809898492,249.66868557030105,61.15702479338842,47.93388429752066,0.0,3.0,15.0,35.0,72.17787114845939,0.0,0.0,0.0,0.0,0.0,0.0,0.9803921568627451
aligned,0,200-250,Vehicle,13,4,2,7,3,2,5,1,5,53.84615384615385,23.076923076923077,30.769230769230766,200.92372660649855,245.64094980450042,46.15384615384615,46.15384615384615,0.0,1.0,7.0,21.200000000000006,78.57142857142857,7.6923076923076925,0.0,0.0,0.0,0.0,2.0,16.07142857142857
aligned,0,200-250,Vehicle-Bus,2,1,1,2,2,2,0,0,0,100.0,100.0,0.0,208.79788513686086,239.83276001749218,50.0,50.0,5.0,9.0,13.0,15.4,100.0,100.0,100.0,7.5,8.0,8.5,8.8,100.0
aligned,0,200-250,Vehicle-Other,1,1,1,1,1,1,0,0,0,100.0,100.0,0.0,216.1487068441776,216.1487068441776,100.0,100.0,7.0,7.0,7.0,7.0,100.0,100.0,100.0,6.0,6.0,6.0,6.0,100.0
aligned,0,200-250,Vehicle-Passenger,49,10,3,41,10,6,35,4,4,83.6734693877551,20.408163265306122,63.26530612244898,201.91332212775274,249.9157658332935,83.6734693877551,81.63265306122449,10.0,31.0,47.0,66.80000000000003,42.5,0.0,0.0,0.0,0.0,0.0,1.0,47.44755244755245
aligned,0,200-250,Vehicle-SemiTruck-Cab,38,13,4,27,22,19,8,3,8,71.05263157894737,57.89473684210527,13.157894736842103,201.06925163807026,249.6109946061744,60.526315789473685,55.26315789473685,0.0,5.5,18.5,28.50000000000002,73.62637362637362,15.789473684210526,0.0,0.0,1.0,2.0,3.0,73.9010989010989
aligned,0,200-250,Vehicle-SemiTruck-Trailer,59,22,4,52,47,44,8,3,4,88.13559322033898,79.66101694915254,8.47457627118644,200.0481951240057,249.7046674149109,88.13559322033898,88.13559322033898,13.5,49.0,482.0,1133.2000000000003,85.60606060606062,38.983050847457626,20.33898305084746,1.0,2.0,4.0,7.0,70.07575757575756
aligned,0,200-250,Vehicle-Trailer,11,3,3,9,8,8,1,0,2,81.81818181818183,72.72727272727273,9.090909090909093,203.3998259724022,245.33512423621337,81.81818181818183,72.72727272727273,13.0,65.0,142.0,268.0,66.66666666666666,36.36363636363637,9.090909090909092,0.5,1.0,3.0,4.0,55.55555555555555
aligned,0,250-300,RoadObstruction,8,4,2,5,0,0,5,0,3,62.5,0.0,62.5,250.2288925344351,290.93512442165746,50.0,50.0,0.0,3.5,5.25,6.3,50.0,0.0,0.0,0.0,0.0,0.0,0.0,0.0
aligned,0,250-300,RoadObstruction-Barrel,40,13,1,32,0,0,32,0,8,80.0,0.0,80.0,250.28325197553792,296.9769879253048,80.0,75.0,5.5,12.5,18.0,22.1,80.76923076923076,0.0,0.0,0.0,0.0,0.0,0.0,0.0
aligned,0,250-300,TrafficSign,111,32,4,80,1,1,79,0,31,72.07207207207207,0.9009009009009009,71.17117117117117,250.22779380742782,299.7593048037392,54.054054054054056,39.63963963963964,0.0,3.0,11.5,30.0,71.39423076923077,0.0,0.0,0.0,0.0,0.0,0.0,1.0416666666666665
aligned,0,250-300,Vehicle,5,2,2,4,0,0,4,0,1,80.0,0.0,80.0,259.8010621796808,288.67764207435283,60.0,60.0,2.0,5.0,8.0,11.0,83.33333333333333,0.0,0.0,0.0,0.0,0.0,0.0,0.0
aligned,0,250-300,Vehicle-Bus,1,1,1,1,1,1,0,0,0,100.0,100.0,0.0,272.29802314717256,272.29802314717256,100.0,100.0,5.0,5.0,5.0,5.0,100.0,100.0,100.0,5.0,5.0,5.0,5.0,100.0
aligned,0,250-300,Vehicle-Passenger,82,8,3,70,23,21,49,2,10,85.36585365853658,28.04878048780488,57.3170731707317,250.60822551614362,297.8225789709488,81.70731707317073,78.04878048780488,5.0,22.5,40.75,72.60000000000002,65.30172413793103,0.0,0.0,0.0,0.0,1.0,1.0,38.8739224137931
aligned,0,250-300,Vehicle-SemiTruck-Cab,21,12,3,14,11,7,7,4,3,66.66666666666666,52.38095238095239,14.28571428571428,254.2479486873591,294.38766159557423,66.66666666666666,61.904761904761905,0.0,6.0,9.0,14.0,65.27777777777779,0.0,0.0,0.0,1.0,1.0,1.0,55.55555555555555
aligned,0,250-300,Vehicle-SemiTruck-Trailer,49,20,4,46,27,24,22,3,0,93.87755102040816,55.10204081632652,38.77551020408164,250.0497157484766,299.80861071369907,91.83673469387756,85.71428571428571,6.0,24.0,146.0,669.6000000000004,92.5,16.3265306122449,10.204081632653061,0.0,1.0,2.0,4.200000000000003,50.83333333333333
aligned,0,250-300,Vehicle-Trailer,8,3,3,6,2,2,4,0,2,75.0,25.0,50.0,251.11907169379526,293.82702857255254,75.0,75.0,5.25,34.0,42.25,46.9,58.333333333333336,0.0,0.0,0.0,0.0,0.25,1.0,22.22222222222222
aligned,0,300-400,RoadObstruction,1,1,1,1,0,0,1,0,0,100.0,0.0,100.0,305.19339503640856,305.19339503640856,0.0,0.0,2.0,2.0,2.0,2.0,100.0,0.0,0.0,0.0,0.0,0.0,0.0,0.0
aligned,0,300-400,RoadObstruction-Barrel,39,10,1,28,1,1,27,0,11,71.7948717948718,2.564102564102564,69.23076923076923,304.53595916952185,395.366842163772,64.1025641025641,58.97435897435898,0.0,8.0,11.5,17.0,71.14285714285715,0.0,0.0,0.0,0.0,0.0,0.0,1.6666666666666667
aligned,0,300-400,TrafficSign,126,31,4,76,0,0,76,0,50,60.317460317460316,0.0,60.317460317460316,301.03319480211303,396.194511461061,43.65079365079365,30.952380952380953,0.0,1.5,6.0,16.5,57.45007680491552,0.0,0.0,0.0,0.0,0.0,0.0,0.0
aligned,0,300-400,Vehicle,9,3,2,7,0,0,7,0,2,77.77777777777779,0.0,77.77777777777779,303.45178706196964,397.6820703976072,66.66666666666666,66.66666666666666,1.0,17.0,47.0,52.400000000000006,77.77777777777779,0.0,0.0,0.0,0.0,0.0,0.0,0.0
aligned,0,300-400,Vehicle-Bus,1,1,1,0,1,0,0,1,0,0.0,100.0,-100.0,311.72504000404615,311.72504000404615,0.0,0.0,0.0,0.0,0.0,0.0,0.0,0.0,0.0,1.0,1.0,1.0,1.0,100.0
aligned,0,300-400,Vehicle-Passenger,30,5,3,26,3,0,26,3,1,86.66666666666667,10.0,76.66666666666667,301.1243306220302,381.10379670133005,76.66666666666667,66.66666666666666,3.0,10.5,17.75,23.1,50.0,0.0,0.0,0.0,0.0,0.0,0.10000000000000142,30.0
aligned,0,300-400,Vehicle-SemiTruck-Cab,17,8,3,11,5,4,7,1,5,64.70588235294117,29.411764705882355,35.294117647058826,301.16614732259706,381.0022030069285,58.82352941176471,52.94117647058824,0.0,5.0,10.0,11.8,72.91666666666666,5.88235294117647,5.88235294117647,0.0,0.0,1.0,2.0,35.416666666666664
aligned,0,300-400,Vehicle-SemiTruck-Trailer,94,16,4,90,9,9,81,0,4,95.74468085106383,9.574468085106384,86.17021276595746,301.3877330693006,397.2940439717045,94.68085106382979,93.61702127659575,19.5,94.5,155.75,276.0000000000002,87.5,4.25531914893617,1.0638297872340425,0.0,0.0,0.0,0.0,12.797619047619047
aligned,0,300-400,Vehicle-SingleUnitTruck,12,1,1,11,4,4,7,0,1,91.66666666666666,33.33333333333333,58.33333333333333,320.40407644957935,334.0879888175012,91.66666666666666,91.66666666666666,27.5,39.0,64.5,102.00000000000001,91.66666666666666,0.0,0.0,0.0,0.0,1.0,1.0,33.33333333333333
aligned,0,300-400,Vehicle-Trailer,2,1,1,2,0,0,2,0,0,100.0,0.0,100.0,323.84286928183565,353.2660326621931,50.0,50.0,6.25,11.5,16.75,19.9,100.0,0.0,0.0,0.0,0.0,0.0,0.0,0.0
aligned,0,200-400,RoadObstruction,42,11,2,27,0,0,27,0,15,64.28571428571429,0.0,64.28571428571429,200.63495369006688,305.19339503640856,42.857142857142854,21.428571428571427,0.0,2.0,4.0,6.899999999999999,63.636363636363626,0.0,0.0,0.0,0.0,0.0,0.0,0.0
aligned,0,200-400,RoadObstruction-Barrel,139,20,2,114,3,3,111,0,25,82.01438848920863,2.158273381294964,79.85611510791367,200.0625118208934,395.366842163772,79.13669064748201,74.10071942446042,4.0,13.0,22.5,28.0,80.76118326118326,0.0,0.0,0.0,0.0,0.0,0.0,1.1584249084249083
aligned,0,200-400,TrafficSign,358,45,5,245,2,2,243,0,113,68.43575418994413,0.5586592178770949,67.87709497206703,200.46007809898492,396.194511461061,52.79329608938548,39.385474860335194,0.0,3.0,10.0,28.30000000000001,64.29584612917947,0.0,0.0,0.0,0.0,0.0,0.0,0.3418803418803419
aligned,0,200-400,Vehicle,27,7,3,18,3,2,16,1,8,66.66666666666666,11.11111111111111,55.55555555555556,200.92372660649855,397.6820703976072,55.55555555555556,55.55555555555556,0.0,5.0,15.5,36.80000000000004,83.46938775510203,3.7037037037037033,0.0,0.0,0.0,0.0,0.8000000000000043,4.8979591836734695
aligned,0,200-400,Vehicle-Bus,4,1,1,3,4,3,0,1,0,75.0,100.0,-25.0,208.79788513686086,311.72504000404615,50.0,50.0,0.75,3.0,8.0,13.400000000000002,75.0,75.0,75.0,4.0,6.0,7.5,8.4,100.0
aligned,0,200-400,Vehicle-Other,1,1,1,1,1,1,0,0,0,100.0,100.0,0.0,216.1487068441776,216.1487068441776,100.0,100.0,7.0,7.0,7.0,7.0,100.0,100.0,100.0,6.0,6.0,6.0,6.0,100.0
aligned,0,200-400,Vehicle-Passenger,161,11,4,137,36,27,110,9,15,85.09316770186336,22.36024844720497,62.73291925465839,201.91332212775274,381.10379670133005,81.36645962732919,77.01863354037268,5.0,20.0,40.0,65.0,51.61157024793389,0.0,0.0,0.0,0.0,0.0,1.0,38.55774374665646
aligned,0,200-400,Vehicle-SemiTruck-Cab,76,14,4,52,38,30,22,8,16,68.42105263157895,50.0,18.42105263157895,201.06925163807026,381.0022030069285,61.8421052631579,56.57894736842105,0.0,5.5,11.0,19.5,68.72448979591836,9.210526315789473,1.3157894736842104,0.0,0.5,1.25,2.0,50.943877551020414
aligned,0,200-400,Vehicle-SemiTruck-Trailer,202,23,4,188,83,77,111,6,8,93.06930693069307,41.089108910891085,51.98019801980198,200.0481951240057,397.2940439717045,92.07920792079209,90.0990099009901,13.0,73.0,179.75,550.7,87.61904761904762,17.326732673267326,8.91089108910891,0.0,0.0,2.0,4.0,45.724637681159415
aligned,0,200-400,Vehicle-SingleUnitTruck,12,1,1,11,4,4,7,0,1,91.66666666666666,33.33333333333333,58.33333333333333,320.40407644957935,334.0879888175012,91.66666666666666,91.66666666666666,27.5,39.0,64.5,102.00000000000001,91.66666666666666,0.0,0.0,0.0,0.0,1.0,1.0,33.33333333333333
aligned,0,200-400,Vehicle-Trailer,21,3,3,17,10,10,7,0,4,80.95238095238095,47.61904761904761,33.333333333333336,203.3998259724022,353.2660326621931,76.19047619047619,71.42857142857143,3.0,36.0,65.0,164.0,63.33333333333333,19.047619047619047,4.761904761904762,0.0,0.0,1.0,3.0,36.66666666666667
aligned,0.5,100-150,RoadObstruction,4,3,2,4,1,1,3,0,0,100.0,25.0,75.0,124.0458251007249,145.2940934507138,100.0,100.0,11.5,14.5,19.25,23.3,100.0,0.0,0.0,0.0,0.0,0.25,0.7000000000000002,33.33333333333333
aligned,0.5,100-150,RoadObstruction-Barrel,170,33,2,166,125,122,44,3,1,97.6470588235294,73.52941176470588,24.117647058823522,100.01457537159469,149.85105342932135,97.6470588235294,96.47058823529412,24.5,50.0,80.75,98.1,97.67676767676768,12.941176470588237,0.0,0.0,1.0,2.0,3.0,68.41630591630592
aligned,0.5,100-150,TrafficSign,153,28,3,125,50,42,83,8,20,81.69934640522875,32.6797385620915,49.01960784313725,100.07915340275993,149.8043785510788,73.8562091503268,70.58823529411765,2.0,34.0,128.0,336.00000000000006,85.77380952380952,0.6535947712418301,0.0,0.0,0.0,1.0,1.0,35.96371882086167
aligned,0.5,100-150,Vehicle,30,3,2,30,30,30,0,0,0,100.0,100.0,0.0,104.37622497689988,148.91381342419794,100.0,100.0,53.0,88.0,124.5,141.60000000000002,100.0,96.66666666666667,80.0,5.0,7.0,8.0,9.100000000000001,100.0
aligned,0.5,100-150,Vehicle-Other,1,1,1,1,1,1,0,0,0,100.0,100.0,0.0,130.3234563016597,130.3234563016597,0.0,0.0,2.0,2.0,2.0,2.0,100.0,100.0,100.0,11.0,11.0,11.0,11.0,100.0
aligned,0.5,100-150,Vehicle-Passenger,74,22,3,67,58,56,11,2,5,90.54054054054053,78.37837837837837,12.16216216216216,100.380581386362,149.6341155859118,78.37837837837837,71.62162162162163,4.0,17.0,58.75,93.80000000000001,85.22727272727273,56.75675675675676,32.432432432432435,1.0,4.0,5.0,7.0,60.15151515151514
aligned,0.5,100-150,Vehicle-RV,2,1,1,2,2,2,0,0,0,100.0,100.0,0.0,106.64524990446951,133.66667790333872,100.0,100.0,6.0,7.0,8.0,8.6,100.0,100.0,100.0,8.5,11.0,13.5,15.0,100.0
aligned,0.5,100-150,Vehicle-SemiTruck-Cab,87,18,4,81,85,80,1,5,1,93.10344827586206,97.70114942528735,-4.597701149425292,100.63822132308648,147.84398735180793,90.80459770114942,87.35632183908046,12.5,57.0,201.5,296.0,92.42724867724868,89.65517241379311,73.5632183908046,4.0,6.0,9.0,14.0,94.04761904761905
aligned,0.5,100-150,Vehicle-SemiTruck-Trailer,79,18,4,79,79,79,0,0,0,100.0,100.0,0.0,100.26475808240477,149.72193380985757,100.0,98.73417721518987,38.5,124.0,563.5,751.4000000000001,100.0,98.73417721518987,93.67088607594937,11.0,18.0,32.0,40.0,100.0
aligned,0.5,100-150,Vehicle-SingleUnitTruck,20,2,1,20,20,20,0,0,0,100.0,100.0,0.0,107.89679924334742,143.5236124185936,100.0,100.0,135.5,222.0,295.25,340.20000000000005,100.0,95.0,90.0,7.0,8.0,9.25,12.70000000000001,100.0
aligned,0.5,100-150,Vehicle-Trailer,16,4,4,16,16,16,0,0,0,100.0,100.0,0.0,103.27842576703888,148.2364399300797,100.0,100.0,53.5,411.5,897.0,1312.5,100.0,81.25,81.25,6.75,43.0,48.5,52.5,100.0
aligned,0.5,150-200,RoadObstruction,30,11,2,30,10,10,20,0,0,100.0,33.33333333333333,66.66666666666667,150.12315334501665,199.34786625091186,100.0,90.0,8.25,13.0,18.0,27.60000000000001,100.0,6.666666666666667,0.0,0.0,0.0,1.0,1.0,36.36363636363637
aligned,0.5,150-200,RoadObstruction-Barrel,99,29,2,95,49,49,46,0,4,95.95959595959596,49.494949494949495,46.46464646464646,150.18881488316208,199.9384513570718,95.95959595959596,94.94949494949495,17.0,33.0,49.5,61.0,94.82758620689656,1.0101010101010102,0.0,0.0,0.0,1.0,2.0,49.61412151067323
aligned,0.5,150-200,TrafficSign,139,34,4,127,29,28,99,1,11,91.36690647482014,20.863309352517987,70.50359712230215,150.3231986970195,199.70237418425347,87.76978417266187,84.89208633093526,14.0,39.0,91.5,176.60000000000002,92.9341736694678,0.0,0.0,0.0,0.0,0.0,1.0,20.518207282913163
aligned,0.5,150-200,Vehicle,31,5,3,27,28,24,3,4,0,87.09677419354838,90.32258064516128,-3.2258064516129004,150.80024684336743,197.38795765737675,87.09677419354838,80.64516129032258,7.0,16.0,32.0,104.0,93.84615384615384,51.61290322580645,19.35483870967742,1.0,3.0,3.5,5.0,86.92307692307693
aligned,0.5,150-200,Vehicle-Bus,1,1,1,0,1,0,0,1,0,0.0,100.0,-100.0,177.87542309528652,177.87542309528652,0.0,0.0,0.0,0.0,0.0,0.0,0.0,100.0,100.0,23.0,23.0,23.0,23.0,100.0
aligned,0.5,150-200,Vehicle-Equipment,2,1,1,2,2,2,0,0,0,100.0,100.0,0.0,163.3873574148229,176.7192198830252,100.0,50.0,4.25,5.5,6.75,7.5,100.0,0.0,0.0,1.25,1.5,1.75,1.9,100.0
aligned,0.5,150-200,Vehicle-Other,2,1,1,2,2,2,0,0,0,100.0,100.0,0.0,158.35541605971324,186.78623020504358,100.0,100.0,23.75,26.5,29.25,30.9,100.0,100.0,100.0,14.5,15.0,15.5,15.8,100.0
aligned,0.5,150-200,Vehicle-Passenger,64,16,4,55,43,37,18,6,3,85.9375,67.1875,18.75,150.5748978242395,199.87630076942094,76.5625,71.875,4.0,11.5,30.0,44.400000000000006,83.85416666666666,20.3125,3.125,0.0,1.0,2.0,3.0,63.206845238095234
aligned,0.5,150-200,Vehicle-RV,2,1,1,2,2,2,0,0,0,100.0,100.0,0.0,161.29842305569787,194.50344195811496,50.0,50.0,4.0,7.0,10.0,11.8,100.0,50.0,50.0,3.0,4.0,5.0,5.6,100.0
aligned,0.5,150-200,Vehicle-SemiTruck-Cab,70,16,4,53,61,50,3,11,6,75.71428571428571,87.14285714285714,-11.428571428571432,150.28445056882035,199.9727196236663,72.85714285714285,65.71428571428571,1.0,8.5,20.5,53.000000000000014,91.92708333333333,67.14285714285714,55.714285714285715,1.25,5.5,8.0,11.100000000000001,88.02083333333333
aligned,0.5,150-200,Vehicle-SemiTruck-Trailer,97,23,4,96,92,91,5,1,0,98.96907216494846,94.84536082474226,4.123711340206193,150.2692484722888,199.71118933728965,97.9381443298969,95.87628865979381,28.0,98.0,600.0,770.6,97.82608695652173,79.38144329896907,62.88659793814433,3.0,7.0,12.0,22.400000000000006,91.04859335038363
aligned,0.5,150-200,Vehicle-SingleUnitTruck,1,1,1,0,1,0,0,1,0,0.0,100.0,-100.0,180.04087629525,180.04087629525,0.0,0.0,0.0,0.0,0.0,0.0,0.0,0.0,0.0,1.0,1.0,1.0,1.0,100.0
aligned,0.5,150-200,Vehicle-Trailer,13,4,4,13,11,11,2,0,0,100.0,84.61538461538461,15.384615384615385,153.51073085354014,196.30757620340373,92.3076923076923,92.3076923076923,59.0,272.0,418.0,547.4000000000001,100.0,69.23076923076923,61.53846153846154,2.0,13.0,27.0,37.2,75.0
aligned,0.5,200-250,RoadObstruction,33,11,2,28,4,4,24,0,5,84.84848484848484,12.121212121212121,72.72727272727273,200.63495369006688,249.01143860608167,75.75757575757575,63.63636363636363,3.0,5.0,11.0,15.400000000000002,87.12121212121212,0.0,0.0,0.0,0.0,0.0,0.8000000000000007,14.393939393939393
aligned,0.5,200-250,RoadObstruction-Barrel,60,20,2,57,26,26,31,0,3,95.0,43.333333333333336,51.66666666666666,200.0625118208934,249.88406295481,93.33333333333333,90.0,12.75,28.0,33.25,44.1,92.08333333333334,0.0,0.0,0.0,0.0,1.0,2.0,42.08333333333333
aligned,0.5,200-250,TrafficSign,121,34,5,109,14,14,95,0,12,90.08264462809917,11.570247933884298,78.51239669421489,200.46007809898492,249.66868557030105,90.08264462809917,88.42975206611571,12.0,33.0,62.0,112.0,92.22689075630251,0.0,0.0,0.0,0.0,0.0,1.0,10.294117647058822
aligned,0.5,200-250,Vehicle,13,4,2,8,8,4,4,4,1,61.53846153846154,61.53846153846154,0.0,200.92372660649855,245.64094980450042,53.84615384615385,53.84615384615385,0.0,8.0,11.0,26.00000000000001,82.14285714285714,15.384615384615385,0.0,0.0,1.0,2.0,3.6000000000000014,33.92857142857143
aligned,0.5,200-250,Vehicle-Bus,2,1,1,2,2,2,0,0,0,100.0,100.0,0.0,208.79788513686086,239.83276001749218,50.0,50.0,5.5,10.0,14.5,17.2,100.0,100.0,100.0,11.5,12.0,12.5,12.8,100.0
aligned,0.5,200-250,Vehicle-Other,1,1,1,1,1,1,0,0,0,100.0,100.0,0.0,216.1487068441776,216.1487068441776,100.0,100.0,8.0,8.0,8.0,8.0,100.0,100.0,100.0,14.0,14.0,14.0,14.0,100.0
aligned,0.5,200-250,Vehicle-Passenger,49,10,3,43,27,24,19,3,3,87.75510204081633,55.10204081632652,32.6530612244898,201.91332212775274,249.9157658332935,85.71428571428571,85.71428571428571,12.0,33.0,49.0,74.60000000000004,62.5,6.122448979591836,0.0,0.0,1.0,2.0,2.0,59.42307692307692
aligned,0.5,200-250,Vehicle-SemiTruck-Cab,38,13,4,28,30,23,5,7,3,73.68421052631578,78.94736842105263,-5.263157894736848,201.06925163807026,249.6109946061744,63.1578947368421,60.526315789473685,0.25,6.0,18.5,33.800000000000026,77.47252747252747,36.84210526315789,13.157894736842104,1.0,2.0,3.0,5.0,86.26373626373626
aligned,0.5,200-250,Vehicle-SemiTruck-Trailer,59,22,4,53,54,50,3,4,2,89.83050847457628,91.52542372881356,-1.6949152542372836,200.0481951240057,249.7046674149109,89.83050847457628,88.13559322033898,18.0,56.0,542.0,1139.8000000000004,87.87878787878789,62.71186440677966,35.59322033898305,2.0,3.0,5.0,9.0,86.36363636363636
aligned,0.5,200-250,Vehicle-Trailer,11,3,3,10,8,8,2,0,1,90.9090909090909,72.72727272727273,18.181818181818176,203.3998259724022,245.33512423621337,90.9090909090909,90.9090909090909,21.0,67.0,150.0,293.0,83.33333333333334,36.36363636363637,27.27272727272727,0.5,2.0,4.0,6.0,55.55555555555555
aligned,0.5,250-300,RoadObstruction,8,4,2,5,0,0,5,0,3,62.5,0.0,62.5,250.2288925344351,290.93512442165746,62.5,62.5,0.0,6.0,9.0,12.3,50.0,0.0,0.0,0.0,0.0,0.0,0.0,0.0
aligned,0.5,250-300,RoadObstruction-Barrel,40,13,1,33,11,11,22,0,7,82.5,27.500000000000004,54.99999999999999,250.28325197553792,296.9769879253048,82.5,80.0,8.0,16.0,21.0,27.1,83.33333333333333,0.0,0.0,0.0,0.0,1.0,1.0,27.564102564102562
aligned,0.5,250-300,TrafficSign,111,32,4,104,9,9,95,0,7,93.69369369369369,8.108108108108109,85.58558558558558,250.22779380742782,299.7593048037392,92.7927927927928,90.990990990991,12.0,25.0,46.5,81.0,94.29086538461537,0.0,0.0,0.0,0.0,0.0,0.0,9.114583333333332
aligned,0.5,250-300,Vehicle,5,2,2,4,1,1,3,0,1,80.0,20.0,60.00000000000001,259.8010621796808,288.67764207435283,80.0,80.0,5.0,7.0,13.0,13.6,83.33333333333333,0.0,0.0,0.0,0.0,0.0,0.6000000000000001,16.666666666666664
aligned,0.5,250-300,Vehicle-Bus,1,1,1,1,1,1,0,0,0,100.0,100.0,0.0,272.29802314717256,272.29802314717256,100.0,100.0,5.0,5.0,5.0,5.0,100.0,100.0,100.0,8.0,8.0,8.0,8.0,100.0
aligned,0.5,250-300,Vehicle-Passenger,82,8,3,72,44,43,29,1,9,87.8048780487805,53.65853658536586,34.14634146341463,250.60822551614362,297.8225789709488,85.36585365853658,85.36585365853658,6.5,26.5,43.0,85.60000000000002,77.80172413793103,8.536585365853659,0.0,0.0,1.0,1.0,2.0,64.16846264367815
aligned,0.5,250-300,Vehicle-SemiTruck-Cab,21,12,3,15,13,9,6,4,2,71.42857142857143,61.904761904761905,9.523809523809524,254.2479486873591,294.38766159557423,71.42857142857143,66.66666666666666,0.0,6.0,10.0,14.0,68.05555555555554,14.285714285714285,0.0,0.0,1.0,2.0,3.0,61.11111111111111
aligned,0.5,250-300,Vehicle-SemiTruck-Trailer,49,20,4,46,29,26,20,3,0,93.87755102040816,59.183673469387756,34.693877551020414,250.0497157484766,299.80861071369907,93.87755102040816,87.75510204081633,8.0,33.0,162.0,677.8000000000003,92.5,34.69387755102041,14.285714285714285,0.0,1.0,3.0,5.0,53.75
aligned,0.5,250-300,Vehicle-Trailer,8,3,3,6,3,3,3,0,2,75.0,37.5,37.5,251.11907169379526,293.82702857255254,75.0,75.0,10.5,37.0,44.25,51.6,58.333333333333336,25.0,0.0,0.0,0.0,1.5,3.3,30.555555555555554
aligned,0.5,300-400,RoadObstruction,1,1,1,1,0,0,1,0,0,100.0,0.0,100.0,305.19339503640856,305.19339503640856,100.0,100.0,6.0,6.0,6.0,6.0,100.0,0.0,0.0,0.0,0.0,0.0,0.0,0.0
aligned,0.5,300-400,RoadObstruction-Barrel,39,10,1,35,5,5,30,0,4,89.74358974358975,12.82051282051282,76.92307692307693,304.53595916952185,395.366842163772,84.61538461538461,79.48717948717949,5.0,9.0,14.5,21.200000000000003,90.99999999999999,0.0,0.0,0.0,0.0,0.0,1.0,15.095238095238095
aligned,0.5,300-400,TrafficSign,126,31,4,114,4,4,110,0,12,90.47619047619048,3.1746031746031744,87.3015873015873,301.03319480211303,396.194511461061,88.88888888888889,86.5079365079365,7.0,14.5,23.0,56.0,88.17204301075269,0.0,0.0,0.0,0.0,0.0,0.0,4.608294930875576
aligned,0.5,300-400,Vehicle,9,3,2,7,0,0,7,0,2,77.77777777777779,0.0,77.77777777777779,303.45178706196964,397.6820703976072,77.77777777777779,77.77777777777779,5.0,18.0,55.0,57.0,77.77777777777779,0.0,0.0,0.0,0.0,0.0,0.0,0.0
aligned,0.5,300-400,Vehicle-Bus,1,1,1,0,1,0,0,1,0,0.0,100.0,-100.0,311.72504000404615,311.72504000404615,0.0,0.0,0.0,0.0,0.0,0.0,0.0,0.0,0.0,2.0,2.0,2.0,2.0,100.0
aligned,0.5,300-400,Vehicle-Passenger,30,5,3,26,4,1,25,3,1,86.66666666666667,13.333333333333334,73.33333333333334,301.1243306220302,381.10379670133005,83.33333333333334,80.0,6.0,14.0,21.0,26.0,50.0,0.0,0.0,0.0,0.0,0.0,1.1000000000000014,30.869565217391305
aligned,0.5,300-400,Vehicle-SemiTruck-Cab,17,8,3,12,6,5,7,1,4,70.58823529411765,35.294117647058826,35.294117647058826,301.16614732259706,381.0022030069285,64.70588235294117,58.82352941176471,0.0,6.0,11.0,14.200000000000001,77.08333333333333,11.76470588235294,11.76470588235294,0.0,0.0,2.0,3.200000000000001,41.666666666666664
aligned,0.5,300-400,Vehicle-SemiTruck-Trailer,94,16,4,90,11,10,80,1,3,95.74468085106383,11.702127659574469,84.04255319148936,301.3877330693006,397.2940439717045,95.74468085106383,93.61702127659575,23.75,105.5,180.0,281.5000000000002,87.5,5.319148936170213,2.127659574468085,0.0,0.0,0.0,1.0,16.81547619047619
aligned,0.5,300-400,Vehicle-SingleUnitTruck,12,1,1,11,5,5,6,0,1,91.66666666666666,41.66666666666667,49.99999999999999,320.40407644957935,334.0879888175012,91.66666666666666,91.66666666666666,37.0,50.0,72.0,103.50000000000001,91.66666666666666,0.0,0.0,0.0,0.0,1.0,1.9000000000000004,41.66666666666667
aligned,0.5,300-400,Vehicle-Trailer,2,1,1,2,0,0,2,0,0,100.0,0.0,100.0,323.84286928183565,353.2660326621931,50.0,50.0,7.25,13.5,19.75,23.5,100.0,0.0,0.0,0.0,0.0,0.0,0.0,0.0
aligned,0.5,200-400,RoadObstruction,42,11,2,34,4,4,30,0,8,80.95238095238095,9.523809523809524,71.42857142857143,200.63495369006688,305.19339503640856,73.80952380952381,64.28571428571429,2.25,5.0,10.5,13.0,85.98484848484848,0.0,0.0,0.0,0.0,0.0,0.0,13.18181818181818
aligned,0.5,200-400,RoadObstruction-Barrel,139,20,2,125,42,42,83,0,14,89.92805755395683,30.215827338129497,59.71223021582733,200.0625118208934,395.366842163772,87.76978417266187,84.17266187050359,8.0,16.0,28.0,34.2,86.37445887445887,0.0,0.0,0.0,0.0,1.0,1.0,29.4239787989788
aligned,0.5,200-400,TrafficSign,358,45,5,327,27,27,300,0,31,91.34078212290503,7.5418994413407825,83.79888268156425,200.46007809898492,396.194511461061,90.5027932960894,88.54748603351955,9.25,23.0,44.75,87.30000000000001,91.34024000690665,0.0,0.0,0.0,0.0,0.0,0.0,5.675145841812509
aligned,0.5,200-400,Vehicle,27,7,3,19,9,5,14,4,4,70.37037037037037,33.33333333333333,37.03703703703704,200.92372660649855,397.6820703976072,66.66666666666666,66.66666666666666,0.0,8.0,16.0,43.60000000000004,85.51020408163265,7.4074074074074066,0.0,0.0,0.0,1.0,2.0,16.53061224489796
aligned,0.5,200-400,Vehicle-Bus,4,1,1,3,4,3,0,1,0,75.0,100.0,-25.0,208.79788513686086,311.72504000404615,50.0,50.0,0.75,3.0,8.5,14.800000000000002,75.0,75.0,75.0,6.5,9.5,11.5,12.4,100.0
aligned,0.5,200-400,Vehicle-Other,1,1,1,1,1,1,0,0,0,100.0,100.0,0.0,216.1487068441776,216.1487068441776,100.0,100.0,8.0,8.0,8.0,8.0,100.0,100.0,100.0,14.0,14.0,14.0,14.0,100.0
aligned,0.5,200-400,Vehicle-Passenger,161,11,4,141,75,68,73,7,13,87.5776397515528,46.58385093167702,40.993788819875775,201.91332212775274,381.10379670133005,85.09316770186336,84.472049689441,7.0,23.0,42.0,72.0,66.15702479338843,6.211180124223603,0.0,0.0,0.0,1.0,2.0,52.264702794318374
aligned,0.5,200-400,Vehicle-SemiTruck-Cab,76,14,4,55,49,37,18,12,9,72.36842105263158,64.47368421052632,7.8947368421052655,201.06925163807026,381.0022030069285,65.78947368421053,61.8421052631579,0.0,6.0,13.0,25.5,72.89115646258502,25.0,9.210526315789473,0.0,1.0,2.25,4.0,61.471088435374156
aligned,0.5,200-400,Vehicle-SemiTruck-Trailer,202,23,4,189,94,86,103,8,5,93.56435643564357,46.53465346534654,47.02970297029703,200.0481951240057,397.2940439717045,93.56435643564357,90.5940594059406,16.0,83.5,198.5,596.3000000000001,88.34368530020703,29.207920792079207,14.85148514851485,0.0,0.0,3.0,5.0,53.975155279503106
aligned,0.5,200-400,Vehicle-SingleUnitTruck,12,1,1,11,5,5,6,0,1,91.66666666666666,41.66666666666667,49.99999999999999,320.40407644957935,334.0879888175012,91.66666666666666,91.66666666666666,37.0,50.0,72.0,103.50000000000001,91.66666666666666,0.0,0.0,0.0,0.0,1.0,1.9000000000000004,41.66666666666667
aligned,0.5,200-400,Vehicle-Trailer,21,3,3,18,11,11,7,0,3,85.71428571428571,52.38095238095239,33.33333333333333,203.3998259724022,353.2660326621931,80.95238095238095,80.95238095238095,14.0,40.0,67.0,178.0,74.44444444444444,28.57142857142857,14.285714285714285,0.0,1.0,3.0,5.0,40.0
