sample_token,annotation_token,instance_token,scene,timestamp,category,range_m,azimuth_deg,margin_m,radar_points,lidar_points
62,62:0,TrafficSign:17,scene_28_18,3200111425,TrafficSign,135.80162691353985,-176.69348033880237,0.0,0,0
62,62:0,TrafficSign:17,scene_28_18,3200111425,TrafficSign,135.80162691353985,-176.69348033880237,0.5,0,7
62,62:1,TrafficSign:18,scene_28_18,3200111425,TrafficSign,140.6032682181344,160.71657799501443,0.0,0,0
62,62:1,TrafficSign:18,scene_28_18,3200111425,TrafficSign,140.6032682181344,160.71657799501443,0.5,0,0
62,62:2,Vehicle:1,scene_28_18,3200111425,Vehicle-Passenger,10.651158935280641,156.09760101214118,0.0,9,670
62,62:2,Vehicle:1,scene_28_18,3200111425,Vehicle-Passenger,10.651158935280641,156.09760101214118,0.5,11,927
62,62:5,Vehicle:2,scene_28_18,3200111425,Vehicle,149.84308075818507,-179.9860295498073,0.0,2,25
62,62:5,Vehicle:2,scene_28_18,3200111425,Vehicle,149.84308075818507,-179.9860295498073,0.5,5,68
62,62:6,Vehicle:3,scene_28_18,3200111425,Vehicle-Passenger,94.20011214871965,0.1869144676252843,0.0,3,21
62,62:6,Vehicle:3,scene_28_18,3200111425,Vehicle-Passenger,94.20011214871965,0.1869144676252843,0.5,4,73
62,62:7,Vehicle:37,scene_28_18,3200111425,Vehicle-SemiTruck-Cab,155.7332881792641,165.8318732375492,0.0,1,2
62,62:7,Vehicle:37,scene_28_18,3200111425,Vehicle-SemiTruck-Cab,155.7332881792641,165.8318732375492,0.5,2,8
62,62:8,Vehicle:38,scene_28_18,3200111425,Vehicle-SemiTruck-Trailer,146.04287619151148,164.89954507266842,0.0,2,36
62,62:8,Vehicle:38,scene_28_18,3200111425,Vehicle-SemiTruck-Trailer,146.04287619151148,164.89954507266842,0.5,7,41
62,62:9,Vehicle:4,scene_28_18,3200111425,Vehicle-Passenger,216.12453530258227,-0.019990333653083257,0.0,2,38
62,62:9,Vehicle:4,scene_28_18,3200111425,Vehicle-Passenger,216.12453530258227,-0.019990333653083257,0.5,2,42
72,72:0,TrafficSign:17,scene_28_18,3700083225,TrafficSign,150.35048049437566,-177.12339872183983,0.0,0,0
72,72:0,TrafficSign:17,scene_28_18,3700083225,TrafficSign,150.35048049437566,-177.12339872183983,0.5,0,5
72,72:1,TrafficSign:18,scene_28_18,3700083225,TrafficSign,154.64624032626259,162.30533811200024,0.0,0,0
72,72:1,TrafficSign:18,scene_28_18,3700083225,TrafficSign,154.64624032626259,162.30533811200024,0.5,0,0
72,72:2,Vehicle:1,scene_28_18,3700083225,Vehicle-Passenger,7.86933114817902,146.64703206016335,0.0,13,605
72,72:2,Vehicle:1,scene_28_18,3700083225,Vehicle-Passenger,7.86933114817902,146.64703206016335,0.5,15,1166
72,72:5,Vehicle:2,scene_28_18,3700083225,Vehicle,148.91381342419794,179.1602076571473,0.0,5,65
72,72:5,Vehicle:2,scene_28_18,3700083225,Vehicle,148.91381342419794,179.1602076571473,0.5,6,65
72,72:6,Vehicle:3,scene_28_18,3700083225,Vehicle-Passenger,96.55042054175593,0.05277391682385841,0.0,4,33
72,72:6,Vehicle:3,scene_28_18,3700083225,Vehicle-Passenger,96.55042054175593,0.05277391682385841,0.5,6,90
72,72:7,Vehicle:37,scene_28_18,3700083225,Vehicle-SemiTruck-Cab,186.41425265704783,167.96688466369645,0.0,0,1
72,72:7,Vehicle:37,scene_28_18,3700083225,Vehicle-SemiTruck-Cab,186.41425265704783,167.96688466369645,0.5,0,1
72,72:8,Vehicle:38,scene_28_18,3700083225,Vehicle-SemiTruck-Trailer,176.50442859807507,167.28667505270062,0.0,1,30
72,72:8,Vehicle:38,scene_28_18,3700083225,Vehicle-SemiTruck-Trailer,176.50442859807507,167.28667505270062,0.5,1,42
72,72:9,Vehicle:4,scene_28_18,3700083225,Vehicle-Passenger,218.2280308922101,-0.13384322489099773,0.0,0,23
72,72:9,Vehicle:4,scene_28_18,3700083225,Vehicle-Passenger,218.2280308922101,-0.13384322489099773,0.5,2,35
82,82:0,TrafficSign:17,scene_28_18,4200065100,TrafficSign,165.05489050300886,-177.34319790059425,0.0,0,0
82,82:0,TrafficSign:17,scene_28_18,4200065100,TrafficSign,165.05489050300886,-177.34319790059425,0.5,0,2
82,82:1,TrafficSign:18,scene_28_18,4200065100,TrafficSign,168.72307821566278,163.78832860469254,0.0,0,0
82,82:1,TrafficSign:18,scene_28_18,4200065100,TrafficSign,168.72307821566278,163.78832860469254,0.5,1,0
82,82:2,Vehicle:1,scene_28_18,4200065100,Vehicle-Passenger,5.478883072269309,129.60513949362124,0.0,5,2107
82,82:2,Vehicle:1,scene_28_18,4200065100,Vehicle-Passenger,5.478883072269309,129.60513949362124,0.5,9,3742
82,82:5,Vehicle:2,scene_28_18,4200065100,Vehicle,147.7462351772507,178.91389450704256,0.0,4,75
82,82:5,Vehicle:2,scene_28_18,4200065100,Vehicle,147.7462351772507,178.91389450704256,0.5,10,75
82,82:6,Vehicle:3,scene_28_18,4200065100,Vehicle-Passenger,98.910678103132,0.03290344064486411,0.0,4,36
82,82:6,Vehicle:3,scene_28_18,4200065100,Vehicle-Passenger,98.910678103132,0.03290344064486411,0.5,9,86
82,82:7,Vehicle:38,scene_28_18,4200065100,Vehicle-SemiTruck-Trailer,207.33274542628195,169.1076881811058,0.0,4,34
82,82:7,Vehicle:38,scene_28_18,4200065100,Vehicle-SemiTruck-Trailer,207.33274542628195,169.1076881811058,0.5,4,42
82,82:8,Vehicle:4,scene_28_18,4200065100,Vehicle-Passenger,219.97539374370163,-0.11932014435849192,0.0,0,47
82,82:8,Vehicle:4,scene_28_18,4200065100,Vehicle-Passenger,219.97539374370163,-0.11932014435849192,0.5,2,61
82,82:9,Vehicle:37,scene_28_18,4200065100,Vehicle-SemiTruck-Cab,217.2707973608132,169.64242380784992,0.0,0,0
82,82:9,Vehicle:37,scene_28_18,4200065100,Vehicle-SemiTruck-Cab,217.2707973608132,169.64242380784992,0.5,0,0
92,92:0,TrafficSign:17,scene_28_18,4700036775,TrafficSign,179.8299509837083,-177.69599330118731,0.0,0,0
92,92:0,TrafficSign:17,scene_28_18,4700036775,TrafficSign,179.8299509837083,-177.69599330118731,0.5,0,0
92,92:1,TrafficSign:18,scene_28_18,4700036775,TrafficSign,182.931295639571,164.88991045725754,0.0,0,0
92,92:1,TrafficSign:18,scene_28_18,4700036775,TrafficSign,182.931295639571,164.88991045725754,0.5,0,1
92,92:2,Vehicle:1,scene_28_18,4700036775,Vehicle-Passenger,4.241382266421513,98.18785702066401,0.0,2,2827
92,92:2,Vehicle:1,scene_28_18,4700036775,Vehicle-Passenger,4.241382266421513,98.18785702066401,0.5,2,6848
92,92:5,Vehicle:2,scene_28_18,4700036775,Vehicle,146.69728753025421,178.81491669735496,0.0,2,137
92,92:5,Vehicle:2,scene_28_18,4700036775,Vehicle,146.69728753025421,178.81491669735496,0.5,8,140
92,92:6,Vehicle:3,scene_28_18,4700036775,Vehicle-Passenger,101.2135989884233,-0.04233900893273935,0.0,3,38
92,92:6,Vehicle:3,scene_28_18,4700036775,Vehicle-Passenger,101.2135989884233,-0.04233900893273935,0.5,9,101
92,92:7,Vehicle:37,scene_28_18,4700036775,Vehicle-SemiTruck-Cab,248.3359483739058,170.74761423620689,0.0,0,3
92,92:7,Vehicle:37,scene_28_18,4700036775,Vehicle-SemiTruck-Cab,248.3359483739058,170.74761423620689,0.5,1,3
92,92:8,Vehicle:38,scene_28_18,4700036775,Vehicle-SemiTruck-Trailer,238.65419293116855,170.32795289205472,0.0,0,32
92,92:8,Vehicle:38,scene_28_18,4700036775,Vehicle-SemiTruck-Trailer,238.65419293116855,170.32795289205472,0.5,1,43
92,92:9,Vehicle:4,scene_28_18,4700036775,Vehicle-Passenger,221.48440446720315,-0.21367141215327373,0.0,0,29
92,92:9,Vehicle:4,scene_28_18,4700036775,Vehicle-Passenger,221.48440446720315,-0.21367141215327373,0.5,2,47
102,102:0,TrafficSign:17,scene_28_18,5200018475,TrafficSign,194.58412366740697,-177.92420574160448,0.0,0,0
102,102:0,TrafficSign:17,scene_28_18,5200018475,TrafficSign,194.58412366740697,-177.92420574160448,0.5,0,5
102,102:1,TrafficSign:18,scene_28_18,5200018475,TrafficSign,197.1972564331517,165.90795630953303,0.0,0,0
102,102:1,TrafficSign:18,scene_28_18,5200018475,TrafficSign,197.1972564331517,165.90795630953303,0.5,0,0
102,102:2,Vehicle:1,scene_28_18,5200018475,Vehicle-Passenger,4.601653420328442,61.885446438681846,0.0,0,6856
102,102:2,Vehicle:1,scene_28_18,5200018475,Vehicle-Passenger,4.601653420328442,61.885446438681846,0.5,0,11955
102,102:5,Vehicle:2,scene_28_18,5200018475,Vehicle,145.9454037363072,178.8714039064443,0.0,6,126
102,102:5,Vehicle:2,scene_28_18,5200018475,Vehicle,145.9454037363072,178.8714039064443,0.5,7,126
102,102:6,Vehicle:3,scene_28_18,5200018475,Vehicle-Passenger,103.50852554253095,-0.09666181141692504,0.0,3,21
102,102:6,Vehicle:3,scene_28_18,5200018475,Vehicle-Passenger,103.50852554253095,-0.09666181141692504,0.5,12,61
102,102:7,Vehicle:37,scene_28_18,5200018475,Vehicle-SemiTruck-Cab,279.2951127846416,171.67382276944167,0.0,0,6
102,102:7,Vehicle:37,scene_28_18,5200018475,Vehicle-SemiTruck-Cab,279.2951127846416,171.67382276944167,0.5,0,6
102,102:8,Vehicle:38,scene_28_18,5200018475,Vehicle-SemiTruck-Trailer,270.1352637570002,171.35739079656472,0.0,1,22
102,102:8,Vehicle:38,scene_28_18,5200018475,Vehicle-SemiTruck-Trailer,270.1352637570002,171.35739079656472,0.5,1,28
102,102:9,Vehicle:4,scene_28_18,5200018475,Vehicle-Passenger,222.97441186644735,-0.27727097287587077,0.0,0,30
102,102:9,Vehicle:4,scene_28_18,5200018475,Vehicle-Passenger,222.97441186644735,-0.27727097287587077,0.5,2,50
114,114:0,TrafficSign:17,scene_28_18,5800084725,TrafficSign,212.06672259723217,-178.07538797470824,0.0,0,0
114,114:0,TrafficSign:17,scene_28_18,5800084725,TrafficSign,212.06672259723217,-178.07538797470824,0.5,0,1
114,114:1,TrafficSign:18,scene_28_18,5800084725,TrafficSign,214.40784908802965,167.00849909191663,0.0,0,0
114,114:1,TrafficSign:18,scene_28_18,5800084725,TrafficSign,214.40784908802965,167.00849909191663,0.5,0,0
114,114:2,Vehicle:1,scene_28_18,5800084725,Vehicle-Passenger,6.866396759750185,34.8714022925983,0.0,6,10536
114,114:2,Vehicle:1,scene_28_18,5800084725,Vehicle-Passenger,6.866396759750185,34.8714022925983,0.5,6,16410
114,114:5,Vehicle:2,scene_28_18,5800084725,Vehicle,145.29625426973757,178.9199530290558,0.0,7,119
114,114:5,Vehicle:2,scene_28_18,5800084725,Vehicle,145.29625426973757,178.9199530290558,0.5,7,119
114,114:6,Vehicle:3,scene_28_18,5800084725,Vehicle-Passenger,106.4813418246363,-0.08673814620094099,0.0,3,15
114,114:6,Vehicle:3,scene_28_18,5800084725,Vehicle-Passenger,106.4813418246363,-0.08673814620094099,0.5,10,52
114,114:7,Vehicle:38,scene_28_18,5800084725,Vehicle-SemiTruck-Trailer,306.9027708238251,172.38326185617905,0.0,1,10
114,114:7,Vehicle:38,scene_28_18,5800084725,Vehicle-SemiTruck-Trailer,306.9027708238251,172.38326185617905,0.5,1,10
114,114:8,Vehicle:4,scene_28_18,5800084725,Vehicle-Passenger,224.8373368395229,-0.29269717186188887,0.0,0,21
114,114:8,Vehicle:4,scene_28_18,5800084725,Vehicle-Passenger,224.8373368395229,-0.29269717186188887,0.5,1,43
124,124:0,TrafficSign:17,scene_28_18,6300066375,TrafficSign,226.58301222008285,-178.23592186013653,0.0,0,0
124,124:0,TrafficSign:17,scene_28_18,6300066375,TrafficSign,226.58301222008285,-178.23592186013653,0.5,0,0
124,124:1,TrafficSign:18,scene_28_18,6300066375,TrafficSign,228.82044130621205,167.7283612408658,0.0,0,0
124,124:1,TrafficSign:18,scene_28_18,6300066375,TrafficSign,228.82044130621205,167.7283612408658,0.5,0,4
124,124:2,Vehicle:1,scene_28_18,6300066375,Vehicle-Passenger,9.514704880139352,24.034351109109117,0.0,22,7088
124,124:2,Vehicle:1,scene_28_18,6300066375,Vehicle-Passenger,9.514704880139352,24.034351109109117,0.5,31,11846
124,124:5,Vehicle:15,scene_28_18,6300066375,Vehicle-Passenger,348.83265659385177,5.57166198418827,0.0,0,3
124,124:5,Vehicle:15,scene_28_18,6300066375,Vehicle-Passenger,348.83265659385177,5.57166198418827,0.5,0,26
124,124:6,Vehicle:19,scene_28_18,6300066375,Vehicle-Trailer,353.2660326621931,5.4743505390694045,0.0,0,15
124,124:6,Vehicle:19,scene_28_18,6300066375,Vehicle-Trailer,353.2660326621931,5.4743505390694045,0.5,0,26
124,124:7,Vehicle:2,scene_28_18,6300066375,Vehicle,145.1996317499191,178.87308158086515,0.0,6,135
124,124:7,Vehicle:2,scene_28_18,6300066375,Vehicle,145.1996317499191,178.87308158086515,0.5,9,135
124,124:8,Vehicle:3,scene_28_18,6300066375,Vehicle-Passenger,109.11291622791445,-0.13738068910311022,0.0,4,13
124,124:8,Vehicle:3,scene_28_18,6300066375,Vehicle-Passenger,109.11291622791445,-0.13738068910311022,0.5,12,54
124,124:9,Vehicle:38,scene_28_18,6300066375,Vehicle-SemiTruck-Trailer,336.87998666437124,172.96178153923614,0.0,0,11
124,124:9,Vehicle:38,scene_28_18,6300066375,Vehicle-SemiTruck-Trailer,336.87998666437124,172.96178153923614,0.5,0,14
124,124:10,Vehicle:4,scene_28_18,6300066375,Vehicle-Passenger,226.29135986335928,-0.37669334185474507,0.0,1,39
124,124:10,Vehicle:4,scene_28_18,6300066375,Vehicle-Passenger,226.29135986335928,-0.37669334185474507,0.5,3,51
134,134:0,TrafficSign:18,scene_28_18,6800037800,TrafficSign,243.25432404778826,168.38893538320863,0.0,0,0
134,134:0,TrafficSign:18,scene_28_18,6800037800,TrafficSign,243.25432404778826,168.38893538320863,0.5,0,0
134,134:1,Vehicle:1,scene_28_18,6800037800,Vehicle-Passenger,12.522705128776867,17.87974679081361,0.0,25,4160
134,134:1,Vehicle:1,scene_28_18,6800037800,Vehicle-Passenger,12.522705128776867,17.87974679081361,0.5,40,6460
134,134:4,Vehicle:19,scene_28_18,6800037800,Vehicle-Trailer,323.84286928183565,5.972634511633841,0.0,0,1
134,134:4,Vehicle:19,scene_28_18,6800037800,Vehicle-Trailer,323.84286928183565,5.972634511633841,0.5,0,1
134,134:5,Vehicle:2,scene_28_18,6800037800,Vehicle,145.310116022073,178.87451080325533,0.0,4,91
134,134:5,Vehicle:2,scene_28_18,6800037800,Vehicle,145.310116022073,178.87451080325533,0.5,8,91
134,134:6,Vehicle:3,scene_28_18,6800037800,Vehicle-Passenger,111.69121354043853,-0.14884267541619936,0.0,1,20
134,134:6,Vehicle:3,scene_28_18,6800037800,Vehicle-Passenger,111.69121354043853,-0.14884267541619936,0.5,6,55
134,134:7,Vehicle:38,scene_28_18,6800037800,Vehicle-SemiTruck-Trailer,368.0275435506055,173.4205797635785,0.0,0,12
134,134:7,Vehicle:38,scene_28_18,6800037800,Vehicle-SemiTruck-Trailer,368.0275435506055,173.4205797635785,0.5,0,12
134,134:8,Vehicle:4,scene_28_18,6800037800,Vehicle-Passenger,227.6421125206242,-0.4326193455505264,0.0,0,35
134,134:8,Vehicle:4,scene_28_18,6800037800,Vehicle-Passenger,227.6421125206242,-0.4326193455505264,0.5,2,42
134,134:9,Vehicle:15,scene_28_18,6800037800,Vehicle-Passenger,318.5708198286309,6.090725607575441,0.0,2,0
134,134:9,Vehicle:15,scene_28_18,6800037800,Vehicle-Passenger,318.5708198286309,6.090725607575441,0.5,2,1
144,144:0,TrafficSign:18,scene_28_18,7300019475,TrafficSign,257.7146183705539,168.9773814192033,0.0,0,0
144,144:0,TrafficSign:18,scene_28_18,7300019475,TrafficSign,257.7146183705539,168.9773814192033,0.5,0,5
144,144:1,Vehicle:1,scene_28_18,7300019475,Vehicle-Passenger,15.653466504618025,13.765508115289233,0.0,23,2990
144,144:1,Vehicle:1,scene_28_18,7300019475,Vehicle-Passenger,15.653466504618025,13.765508115289233,0.5,38,5298
144,144:4,Vehicle:15,scene_28_18,7300019475,Vehicle-Passenger,288.0912174576963,6.720664421212277,0.0,0,0
144,144:4,Vehicle:15,scene_28_18,7300019475,Vehicle-Passenger,288.0912174576963,6.720664421212277,0.5,1,2
144,144:5,Vehicle:19,scene_28_18,7300019475,Vehicle-Trailer,293.82702857255254,6.574598745416008,0.0,1,32
144,144:5,Vehicle:19,scene_28_18,7300019475,Vehicle-Trailer,293.82702857255254,6.574598745416008,0.5,4,34
144,144:6,Vehicle:2,scene_28_18,7300019475,Vehicle,144.84283985878704,178.8744990429278,0.0,2,118
144,144:6,Vehicle:2,scene_28_18,7300019475,Vehicle,144.84283985878704,178.8744990429278,0.5,3,118
144,144:7,Vehicle:3,scene_28_18,7300019475,Vehicle-Passenger,114.10883459205101,-0.17411229422270139,0.0,2,3
144,144:7,Vehicle:3,scene_28_18,7300019475,Vehicle-Passenger,114.10883459205101,-0.17411229422270139,0.5,6,29
144,144:8,Vehicle:4,scene_28_18,7300019475,Vehicle-Passenger,228.9758832329783,-0.4956743658780963,0.0,1,52
144,144:8,Vehicle:4,scene_28_18,7300019475,Vehicle-Passenger,228.9758832329783,-0.4956743658780963,0.5,1,58
154,154:0,TrafficSign:18,scene_28_18,7799990850,TrafficSign,272.23909207288875,169.48406298830048,0.0,0,0
154,154:0,TrafficSign:18,scene_28_18,7799990850,TrafficSign,272.23909207288875,169.48406298830048,0.5,0,0
154,154:1,Vehicle:1,scene_28_18,7799990850,Vehicle-Passenger,18.88303447620712,11.01602357612537,0.0,13,2584
154,154:1,Vehicle:1,scene_28_18,7799990850,Vehicle-Passenger,18.88303447620712,11.01602357612537,0.5,24,4282
154,154:4,Vehicle:19,scene_28_18,7799990850,Vehicle-Trailer,263.716434950657,7.347541377205116,0.0,0,46
154,154:4,Vehicle:19,scene_28_18,7799990850,Vehicle-Trailer,263.716434950657,7.347541377205116,0.5,4,50
154,154:5,Vehicle:2,scene_28_18,7799990850,Vehicle,143.5772762141159,178.83769716419107,0.0,6,156
154,154:5,Vehicle:2,scene_28_18,7799990850,Vehicle,143.5772762141159,178.83769716419107,0.5,10,156
154,154:6,Vehicle:3,scene_28_18,7799990850,Vehicle-Passenger,116.5730889282687,-0.14593422893492472,0.0,3,32
154,154:6,Vehicle:3,scene_28_18,7799990850,Vehicle-Passenger,116.5730889282687,-0.14593422893492472,0.5,8,63
154,154:7,Vehicle:4,scene_28_18,7799990850,Vehicle-Passenger,230.51305261285788,-0.5187109371197849,0.0,0,31
154,154:7,Vehicle:4,scene_28_18,7799990850,Vehicle-Passenger,230.51305261285788,-0.5187109371197849,0.5,1,38
154,154:8,Vehicle:9,scene_28_18,7799990850,Vehicle-Passenger,344.48509694121265,5.496958554608955,0.0,0,0
154,154:8,Vehicle:9,scene_28_18,7799990850,Vehicle-Passenger,344.48509694121265,5.496958554608955,0.5,0,5
154,154:9,Vehicle:15,scene_28_18,7799990850,Vehicle-Passenger,257.9663817248882,7.533115886564897,0.0,1,0
154,154:9,Vehicle:15,scene_28_18,7799990850,Vehicle-Passenger,257.9663817248882,7.533115886564897,0.5,1,2
164,164:0,TrafficSign:18,scene_28_18,8299972350,TrafficSign,286.8715891582656,169.91002735978682,0.0,0,0
164,164:0,TrafficSign:18,scene_28_18,8299972350,TrafficSign,286.8715891582656,169.91002735978682,0.5,0,0
164,164:1,Vehicle:1,scene_28_18,8299972350,Vehicle-Passenger,22.077887720310006,8.852660856237089,0.0,13,1194
164,164:1,Vehicle:1,scene_28_18,8299972350,Vehicle-Passenger,22.077887720310006,8.852660856237089,0.5,20,2732
164,164:4,Vehicle:19,scene_28_18,8299972350,Vehicle-Trailer,233.8786707344464,8.299620437704176,0.0,1,16
164,164:4,Vehicle:19,scene_28_18,8299972350,Vehicle-Trailer,233.8786707344464,8.299620437704176,0.5,5,16
164,164:5,Vehicle:2,scene_28_18,8299972350,Vehicle,142.64042788015306,178.85815770514986,0.0,4,107
164,164:5,Vehicle:2,scene_28_18,8299972350,Vehicle,142.64042788015306,178.85815770514986,0.5,10,107
164,164:6,Vehicle:3,scene_28_18,8299972350,Vehicle-Passenger,119.03962786924477,-0.16743704592343994,0.0,3,16
164,164:6,Vehicle:3,scene_28_18,8299972350,Vehicle-Passenger,119.03962786924477,-0.16743704592343994,0.5,5,28
164,164:7,Vehicle:4,scene_28_18,8299972350,Vehicle-Passenger,232.1753658566661,-0.5674029149436293,0.0,0,23
164,164:7,Vehicle:4,scene_28_18,8299972350,Vehicle-Passenger,232.1753658566661,-0.5674029149436293,0.5,2,35
164,164:8,Vehicle:15,scene_28_18,8299972350,Vehicle-Passenger,228.17233139602595,8.531728367528567,0.0,1,0
164,164:8,Vehicle:15,scene_28_18,8299972350,Vehicle-Passenger,228.17233139602595,8.531728367528567,0.5,3,14
164,164:9,Vehicle:9,scene_28_18,8299972350,Vehicle-Passenger,314.69970668075246,6.025791296126542,0.0,0,0
164,164:9,Vehicle:9,scene_28_18,8299972350,Vehicle-Passenger,314.69970668075246,6.025791296126542,0.5,2,0
174,174:0,Vehicle:1,scene_28_18,8799943950,Vehicle-Passenger,25.200336914171256,7.406632945651044,0.0,14,837
174,174:0,Vehicle:1,scene_28_18,8799943950,Vehicle-Passenger,25.200336914171256,7.406632945651044,0.5,23,2173
174,174:3,Vehicle:15,scene_28_18,8799943950,Vehicle-Passenger,198.6889219028891,9.869658369576019,0.0,2,3
174,174:3,Vehicle:15,scene_28_18,8799943950,Vehicle-Passenger,198.6889219028891,9.869658369576019,0.5,2,24
174,174:4,Vehicle:19,scene_28_18,8799943950,Vehicle-Trailer,204.41397427391732,9.578363915266157,0.0,2,32
174,174:4,Vehicle:19,scene_28_18,8799943950,Vehicle-Trailer,204.41397427391732,9.578363915266157,0.5,2,41
174,174:5,Vehicle:2,scene_28_18,8799943950,Vehicle,142.7562755892202,179.07526867738628,0.0,7,82
174,174:5,Vehicle:2,scene_28_18,8799943950,Vehicle,142.7562755892202,179.07526867738628,0.5,7,88
174,174:6,Vehicle:3,scene_28_18,8799943950,Vehicle-Passenger,121.44983112605476,-0.17473980810139095,0.0,2,19
174,174:6,Vehicle:3,scene_28_18,8799943950,Vehicle-Passenger,121.44983112605476,-0.17473980810139095,0.5,10,41
174,174:7,Vehicle:4,scene_28_18,8799943950,Vehicle-Passenger,233.72644353877175,-0.5852292585441223,0.0,0,27
174,174:7,Vehicle:4,scene_28_18,8799943950,Vehicle-Passenger,233.72644353877175,-0.5852292585441223,0.5,2,33
174,174:8,Vehicle:9,scene_28_18,8799943950,Vehicle-Passenger,285.3658876735694,6.700167844492518,0.0,0,5
174,174:8,Vehicle:9,scene_28_18,8799943950,Vehicle-Passenger,285.3658876735694,6.700167844492518,0.5,0,10
184,184:0,Vehicle:1,scene_28_18,9300093675,Vehicle-Passenger,28.346004809678007,6.441702799795555,0.0,11,506
184,184:0,Vehicle:1,scene_28_18,9300093675,Vehicle-Passenger,28.346004809678007,6.441702799795555,0.5,18,1589
184,184:3,Vehicle:15,scene_28_18,9300093675,Vehicle-Passenger,169.42756083746605,11.803329837476634,0.0,0,3
184,184:3,Vehicle:15,scene_28_18,9300093675,Vehicle-Passenger,169.42756083746605,11.803329837476634,0.5,1,9
184,184:4,Vehicle:19,scene_28_18,9300093675,Vehicle-Trailer,175.20291793910383,11.4061043153107,0.0,3,84
184,184:4,Vehicle:19,scene_28_18,9300093675,Vehicle-Trailer,175.20291793910383,11.4061043153107,0.5,3,98
184,184:5,Vehicle:2,scene_28_18,9300093675,Vehicle,142.7156441272586,179.60088360415372,0.0,4,52
184,184:5,Vehicle:2,scene_28_18,9300093675,Vehicle,142.7156441272586,179.60088360415372,0.5,4,62
184,184:6,Vehicle:3,scene_28_18,9300093675,Vehicle-Passenger,123.92657195084807,-0.09082183520917361,0.0,1,19
184,184:6,Vehicle:3,scene_28_18,9300093675,Vehicle-Passenger,123.92657195084807,-0.09082183520917361,0.5,6,32
184,184:7,Vehicle:4,scene_28_18,9300093675,Vehicle-Passenger,235.16095183745438,-0.47118628663535833,0.0,1,21
184,184:7,Vehicle:4,scene_28_18,9300093675,Vehicle-Passenger,235.16095183745438,-0.47118628663535833,0.5,2,38
184,184:8,Vehicle:9,scene_28_18,9300093675,Vehicle-Passenger,256.26899105810753,7.669477586551745,0.0,2,0
184,184:8,Vehicle:9,scene_28_18,9300093675,Vehicle-Passenger,256.26899105810753,7.669477586551745,0.5,2,0
194,194:0,Vehicle:1,scene_28_18,9800065350,Vehicle-Passenger,31.38300404198818,5.711521308216006,0.0,5,800
194,194:0,Vehicle:1,scene_28_18,9800065350,Vehicle-Passenger,31.38300404198818,5.711521308216006,0.5,16,2075
194,194:3,Vehicle:15,scene_28_18,9800065350,Vehicle-Passenger,140.19539291983503,14.47259145553307,0.0,2,4
194,194:3,Vehicle:15,scene_28_18,9800065350,Vehicle-Passenger,140.19539291983503,14.47259145553307,0.5,5,7
194,194:4,Vehicle:19,scene_28_18,9800065350,Vehicle-Trailer,145.95430085405872,13.87007211117593,0.0,4,51
194,194:4,Vehicle:19,scene_28_18,9800065350,Vehicle-Trailer,145.95430085405872,13.87007211117593,0.5,6,55
194,194:5,Vehicle:2,scene_28_18,9800065350,Vehicle,141.89470965450568,179.9491991162604,0.0,1,2
194,194:5,Vehicle:2,scene_28_18,9800065350,Vehicle,141.89470965450568,179.9491991162604,0.5,2,37
194,194:6,Vehicle:3,scene_28_18,9800065350,Vehicle-Passenger,126.35253477437631,-0.08304644927403039,0.0,2,16
194,194:6,Vehicle:3,scene_28_18,9800065350,Vehicle-Passenger,126.35253477437631,-0.08304644927403039,0.5,5,46
194,194:7,Vehicle:4,scene_28_18,9800065350,Vehicle-Passenger,236.56903489402177,-0.4000309188124139,0.0,1,16
194,194:7,Vehicle:4,scene_28_18,9800065350,Vehicle-Passenger,236.56903489402177,-0.4000309188124139,0.5,2,20
194,194:8,Vehicle:9,scene_28_18,9800065350,Vehicle-Passenger,226.78076860688842,8.815642434283722,0.0,2,0
194,194:8,Vehicle:9,scene_28_18,9800065350,Vehicle-Passenger,226.78076860688842,8.815642434283722,0.5,2,0
204,204:0,Vehicle:1,scene_28_18,10300047525,Vehicle-Passenger,34.49126956244611,4.919920547465874,0.0,8,625
204,204:0,Vehicle:1,scene_28_18,10300047525,Vehicle-Passenger,34.49126956244611,4.919920547465874,0.5,16,2708
204,204:1,Vehicle:10,scene_28_18,10300047525,Vehicle-Passenger,345.5011098276711,5.4228838444320955,0.0,0,0
204,204:1,Vehicle:10,scene_28_18,10300047525,Vehicle-Passenger,345.5011098276711,5.4228838444320955,0.5,0,3
204,204:4,Vehicle:15,scene_28_18,10300047525,Vehicle-Passenger,111.56358968295075,18.261685717120134,0.0,5,1
204,204:4,Vehicle:15,scene_28_18,10300047525,Vehicle-Passenger,111.56358968295075,18.261685717120134,0.5,8,5
204,204:5,Vehicle:19,scene_28_18,10300047525,Vehicle-Trailer,117.27112747431134,17.28169471009032,0.0,6,34
204,204:5,Vehicle:19,scene_28_18,10300047525,Vehicle-Trailer,117.27112747431134,17.28169471009032,0.5,11,42
204,204:6,Vehicle:2,scene_28_18,10300047525,Vehicle,140.62114748544494,179.74101648717283,0.0,3,12
204,204:6,Vehicle:2,scene_28_18,10300047525,Vehicle,140.62114748544494,179.74101648717283,0.5,4,37
204,204:7,Vehicle:3,scene_28_18,10300047525,Vehicle-Passenger,128.82097151559927,-0.32397477506866695,0.0,3,1
204,204:7,Vehicle:3,scene_28_18,10300047525,Vehicle-Passenger,128.82097151559927,-0.32397477506866695,0.5,5,15
204,204:8,Vehicle:4,scene_28_18,10300047525,Vehicle-Passenger,238.16903384966903,-0.5582709337785116,0.0,0,18
204,204:8,Vehicle:4,scene_28_18,10300047525,Vehicle-Passenger,238.16903384966903,-0.5582709337785116,0.5,0,35
204,204:9,Vehicle:9,scene_28_18,10300047525,Vehicle-Passenger,197.13458910596395,10.04972033038238,0.0,2,0
204,204:9,Vehicle:9,scene_28_18,10300047525,Vehicle-Passenger,197.13458910596395,10.04972033038238,0.5,2,0
216,216:0,Vehicle:1,scene_28_18,10899946700,Vehicle-Passenger,38.323641856957686,3.8045275418686595,0.0,7,322
216,216:0,Vehicle:1,scene_28_18,10899946700,Vehicle-Passenger,38.323641856957686,3.8045275418686595,0.5,15,1845
216,216:3,Vehicle:15,scene_28_18,10899946700,Vehicle-Passenger,78.67871672136945,26.190612700499297,0.0,14,16
216,216:3,Vehicle:15,scene_28_18,10899946700,Vehicle-Passenger,78.67871672136945,26.190612700499297,0.5,17,36
216,216:4,Vehicle:19,scene_28_18,10899946700,Vehicle-Trailer,84.08090487819297,24.289440136879485,0.0,15,28
216,216:4,Vehicle:19,scene_28_18,10899946700,Vehicle-Trailer,84.08090487819297,24.289440136879485,0.5,18,37
216,216:5,Vehicle:2,scene_28_18,10899946700,Vehicle,139.67810638106084,179.04917331144162,0.0,6,104
216,216:5,Vehicle:2,scene_28_18,10899946700,Vehicle,139.67810638106084,179.04917331144162,0.5,9,104
216,216:6,Vehicle:3,scene_28_18,10899946700,Vehicle-Passenger,131.7480629781429,-0.8501254925781224,0.0,2,10
216,216:6,Vehicle:3,scene_28_18,10899946700,Vehicle-Passenger,131.7480629781429,-0.8501254925781224,0.5,7,23
216,216:7,Vehicle:4,scene_28_18,10899946700,Vehicle-Passenger,239.99504407999086,-0.9698984363245736,0.0,0,16
216,216:7,Vehicle:4,scene_28_18,10899946700,Vehicle-Passenger,239.99504407999086,-0.9698984363245736,0.5,0,22
216,216:8,Vehicle:10,scene_28_18,10899946700,Vehicle-Passenger,307.1789605302702,5.754406156325667,0.0,1,0
216,216:8,Vehicle:10,scene_28_18,10899946700,Vehicle-Passenger,307.1789605302702,5.754406156325667,0.5,2,0
216,216:9,Vehicle:9,scene_28_18,10899946700,Vehicle-Passenger,161.55262036184507,11.97659724866408,0.0,2,0
216,216:9,Vehicle:9,scene_28_18,10899946700,Vehicle-Passenger,161.55262036184507,11.97659724866408,0.5,4,4
226,226:0,Vehicle:1,scene_28_18,11400096325,Vehicle-Passenger,41.46898266005989,2.838471788090994,0.0,5,230
226,226:0,Vehicle:1,scene_28_18,11400096325,Vehicle-Passenger,41.46898266005989,2.838471788090994,0.5,11,2458
226,226:1,Vehicle:10,scene_28_18,11400096325,Vehicle-Passenger,275.03796534458667,6.153264352833878,0.0,1,3
226,226:1,Vehicle:10,scene_28_18,11400096325,Vehicle-Passenger,275.03796534458667,6.153264352833878,0.5,1,9
226,226:4,Vehicle:15,scene_28_18,11400096325,Vehicle-Passenger,53.81050091252,40.11621399478748,0.0,8,148
226,226:4,Vehicle:15,scene_28_18,11400096325,Vehicle-Passenger,53.81050091252,40.11621399478748,0.5,17,266
226,226:5,Vehicle:19,scene_28_18,11400096325,Vehicle-Trailer,58.41898903394282,36.2502709660074,0.0,17,383
226,226:5,Vehicle:19,scene_28_18,11400096325,Vehicle-Trailer,58.41898903394282,36.2502709660074,0.5,26,569
226,226:6,Vehicle:2,scene_28_18,11400096325,Vehicle,139.5046474842594,178.6416915187792,0.0,10,126
226,226:6,Vehicle:2,scene_28_18,11400096325,Vehicle,139.5046474842594,178.6416915187792,0.5,12,126
226,226:7,Vehicle:3,scene_28_18,11400096325,Vehicle-Passenger,134.1757404205624,-1.3294073305428675,0.0,2,4
226,226:7,Vehicle:3,scene_28_18,11400096325,Vehicle-Passenger,134.1757404205624,-1.3294073305428675,0.5,8,11
226,226:8,Vehicle:4,scene_28_18,11400096325,Vehicle-Passenger,241.27772757702851,-1.3491921857345834,0.0,0,12
226,226:8,Vehicle:4,scene_28_18,11400096325,Vehicle-Passenger,241.27772757702851,-1.3491921857345834,0.5,0,22
226,226:9,Vehicle:9,scene_28_18,11400096325,Vehicle-Passenger,132.142066798998,14.48040243227166,0.0,2,0
226,226:9,Vehicle:9,scene_28_18,11400096325,Vehicle-Passenger,132.142066798998,14.48040243227166,0.5,3,4
236,236:0,Vehicle:1,scene_28_18,11900068400,Vehicle-Passenger,44.643111285180304,1.9091833900933781,0.0,7,250
236,236:0,Vehicle:1,scene_28_18,11900068400,Vehicle-Passenger,44.643111285180304,1.9091833900933781,0.5,13,1984
236,236:3,Vehicle:15,scene_28_18,11900068400,Vehicle-Passenger,36.78047485477899,71.78820639575454,0.0,5,1450
236,236:3,Vehicle:15,scene_28_18,11900068400,Vehicle-Passenger,36.78047485477899,71.78820639575454,0.5,5,1760
236,236:4,Vehicle:19,scene_28_18,11900068400,Vehicle-Trailer,38.91775410529271,63.41140263447199,0.0,6,2182
236,236:4,Vehicle:19,scene_28_18,11900068400,Vehicle-Trailer,38.91775410529271,63.41140263447199,0.5,9,2440
236,236:5,Vehicle:2,scene_28_18,11900068400,Vehicle,139.41698410614066,178.55992813868497,0.0,5,196
236,236:5,Vehicle:2,scene_28_18,11900068400,Vehicle,139.41698410614066,178.55992813868497,0.5,9,196
236,236:6,Vehicle:3,scene_28_18,11900068400,Vehicle-Passenger,136.67921367957663,-1.7511798626010813,0.0,3,8
236,236:6,Vehicle:3,scene_28_18,11900068400,Vehicle-Passenger,136.67921367957663,-1.7511798626010813,0.5,8,37
236,236:7,Vehicle:4,scene_28_18,11900068400,Vehicle-Passenger,242.57993675042334,-1.6746121181543026,0.0,0,20
236,236:7,Vehicle:4,scene_28_18,11900068400,Vehicle-Passenger,242.57993675042334,-1.6746121181543026,0.5,1,31
236,236:8,Vehicle:9,scene_28_18,11900068400,Vehicle-Passenger,103.32642826922898,18.610337370467846,0.0,4,4
236,236:8,Vehicle:9,scene_28_18,11900068400,Vehicle-Passenger,103.32642826922898,18.610337370467846,0.5,5,8
236,236:9,Vehicle:10,scene_28_18,11900068400,Vehicle-Passenger,242.94543072228694,6.768653456462602,0.0,2,0
236,236:9,Vehicle:10,scene_28_18,11900068400,Vehicle-Passenger,242.94543072228694,6.768653456462602,0.5,2,0
246,246:0,Vehicle:1,scene_28_18,12400050725,Vehicle-Passenger,47.855628735737014,0.9701785652629239,0.0,4,490
246,246:0,Vehicle:1,scene_28_18,12400050725,Vehicle-Passenger,47.855628735737014,0.9701785652629239,0.5,6,1620
246,246:1,Vehicle:10,scene_28_18,12400050725,Vehicle-Passenger,210.85990809166134,7.55486299031794,0.0,1,0
246,246:1,Vehicle:10,scene_28_18,12400050725,Vehicle-Passenger,210.85990809166134,7.55486299031794,0.5,2,8
246,246:4,Vehicle:15,scene_28_18,12400050725,Vehicle-Passenger,40.133161046080055,117.41334502484499,0.0,5,200
246,246:4,Vehicle:15,scene_28_18,12400050725,Vehicle-Passenger,40.133161046080055,117.41334502484499,0.5,9,441
246,246:5,Vehicle:19,scene_28_18,12400050725,Vehicle-Trailer,37.6037034988094,109.53974395193626,0.0,8,473
246,246:5,Vehicle:19,scene_28_18,12400050725,Vehicle-Trailer,37.6037034988094,109.53974395193626,0.5,28,1000
246,246:6,Vehicle:2,scene_28_18,12400050725,Vehicle,138.69745213629693,178.42525313928613,0.0,5,134
246,246:6,Vehicle:2,scene_28_18,12400050725,Vehicle,138.69745213629693,178.42525313928613,0.5,7,139
246,246:7,Vehicle:3,scene_28_18,12400050725,Vehicle-Passenger,139.27583676317826,-2.216991632006954,0.0,2,0
246,246:7,Vehicle:3,scene_28_18,12400050725,Vehicle-Passenger,139.27583676317826,-2.216991632006954,0.5,4,16
246,246:8,Vehicle:4,scene_28_18,12400050725,Vehicle-Passenger,243.94065301652338,-2.0742688830222735,0.0,0,15
246,246:8,Vehicle:4,scene_28_18,12400050725,Vehicle-Passenger,243.94065301652338,-2.0742688830222735,0.5,1,27
246,246:9,Vehicle:9,scene_28_18,12400050725,Vehicle-Passenger,75.71926530797184,25.925916443634335,0.0,11,13
246,246:9,Vehicle:9,scene_28_18,12400050725,Vehicle-Passenger,75.71926530797184,25.925916443634335,0.5,14,19
256,256:0,Vehicle:1,scene_28_18,12900022725,Vehicle-Passenger,50.96936507849133,0.04919378875726838,0.0,6,572
256,256:0,Vehicle:1,scene_28_18,12900022725,Vehicle-Passenger,50.96936507849133,0.04919378875726838,0.5,10,1618
256,256:1,Vehicle:10,scene_28_18,12900022725,Vehicle-Passenger,178.58747621398683,8.80287505355548,0.0,1,8
256,256:1,Vehicle:10,scene_28_18,12900022725,Vehicle-Passenger,178.58747621398683,8.80287505355548,0.5,2,10
256,256:4,Vehicle:15,scene_28_18,12900022725,Vehicle-Passenger,60.977423766293406,143.13245370493465,0.0,3,1
256,256:4,Vehicle:15,scene_28_18,12900022725,Vehicle-Passenger,60.977423766293406,143.13245370493465,0.5,6,19
256,256:5,Vehicle:19,scene_28_18,12900022725,Vehicle-Trailer,56.224428736441,139.7182381028201,0.0,8,75
256,256:5,Vehicle:19,scene_28_18,12900022725,Vehicle-Trailer,56.224428736441,139.7182381028201,0.5,16,128
256,256:6,Vehicle:2,scene_28_18,12900022725,Vehicle,137.86789356473207,178.31386027610938,0.0,6,113
256,256:6,Vehicle:2,scene_28_18,12900022725,Vehicle,137.86789356473207,178.31386027610938,0.5,10,114
256,256:7,Vehicle:3,scene_28_18,12900022725,Vehicle-Passenger,141.84302324853854,-2.629175820226628,0.0,3,19
256,256:7,Vehicle:3,scene_28_18,12900022725,Vehicle-Passenger,141.84302324853854,-2.629175820226628,0.5,4,27
256,256:8,Vehicle:4,scene_28_18,12900022725,Vehicle-Passenger,245.13843547318,-2.430442234561057,0.0,0,10
256,256:8,Vehicle:4,scene_28_18,12900022725,Vehicle-Passenger,245.13843547318,-2.430442234561057,0.5,0,17
256,256:9,Vehicle:9,scene_28_18,12900022725,Vehicle-Passenger,50.70287657000739,41.1774257438538,0.0,10,162
256,256:9,Vehicle:9,scene_28_18,12900022725,Vehicle-Passenger,50.70287657000739,41.1774257438538,0.5,15,280
266,266:0,Vehicle:1,scene_28_18,13400004825,Vehicle-Passenger,54.29650576475187,-0.6328843203541267,0.0,4,465
266,266:0,Vehicle:1,scene_28_18,13400004825,Vehicle-Passenger,54.29650576475187,-0.6328843203541267,0.5,13,1061
266,266:1,Vehicle:10,scene_28_18,13400004825,Vehicle-Passenger,146.69506080478178,10.97324878504157,0.0,0,10
266,266:1,Vehicle:10,scene_28_18,13400004825,Vehicle-Passenger,146.69506080478178,10.97324878504157,0.5,3,14
266,266:4,Vehicle:15,scene_28_18,13400004825,Vehicle-Passenger,87.07134039657033,154.46738993733948,0.0,1,2
266,266:4,Vehicle:15,scene_28_18,13400004825,Vehicle-Passenger,87.07134039657033,154.46738993733948,0.5,4,5
266,266:5,Vehicle:19,scene_28_18,13400004825,Vehicle-Trailer,81.67500209581823,152.8132513948625,0.0,1,73
266,266:5,Vehicle:19,scene_28_18,13400004825,Vehicle-Trailer,81.67500209581823,152.8132513948625,0.5,7,81
266,266:6,Vehicle:2,scene_28_18,13400004825,Vehicle,137.2206696633271,178.34695369171007,0.0,8,102
266,266:6,Vehicle:2,scene_28_18,13400004825,Vehicle,137.2206696633271,178.34695369171007,0.5,8,108
266,266:7,Vehicle:3,scene_28_18,13400004825,Vehicle-Passenger,144.53449431552534,-2.8446955202674835,0.0,3,0
266,266:7,Vehicle:3,scene_28_18,13400004825,Vehicle-Passenger,144.53449431552534,-2.8446955202674835,0.5,7,9
266,266:8,Vehicle:4,scene_28_18,13400004825,Vehicle-Passenger,246.51646347533907,-2.594339586457168,0.0,0,21
266,266:8,Vehicle:4,scene_28_18,13400004825,Vehicle-Passenger,246.51646347533907,-2.594339586457168,0.5,1,31
266,266:9,Vehicle:9,scene_28_18,13400004825,Vehicle-Passenger,34.78743015756879,76.48106137413359,0.0,7,797
266,266:9,Vehicle:9,scene_28_18,13400004825,Vehicle-Passenger,34.78743015756879,76.48106137413359,0.5,9,1494
276,276:0,Vehicle:1,scene_28_18,13899976725,Vehicle-Passenger,57.552221825368065,-0.92812846555158,0.0,2,413
276,276:0,Vehicle:1,scene_28_18,13899976725,Vehicle-Passenger,57.552221825368065,-0.92812846555158,0.5,8,856
276,276:1,Vehicle:10,scene_28_18,13899976725,Vehicle-Passenger,115.50465963899991,14.815479694701663,0.0,1,4
276,276:1,Vehicle:10,scene_28_18,13899976725,Vehicle-Passenger,115.50465963899991,14.815479694701663,0.5,4,7
276,276:4,Vehicle:19,scene_28_18,13899976725,Vehicle-Trailer,108.90916865253664,159.73716264169877,0.0,0,91
276,276:4,Vehicle:19,scene_28_18,13899976725,Vehicle-Trailer,108.90916865253664,159.73716264169877,0.5,1,109
276,276:5,Vehicle:2,scene_28_18,13899976725,Vehicle,137.22160199830344,178.81886970879046,0.0,4,156
276,276:5,Vehicle:2,scene_28_18,13899976725,Vehicle,137.22160199830344,178.81886970879046,0.5,6,162
276,276:6,Vehicle:3,scene_28_18,13899976725,Vehicle-Passenger,147.04307520809743,-2.743088876773912,0.0,3,9
276,276:6,Vehicle:3,scene_28_18,13899976725,Vehicle-Passenger,147.04307520809743,-2.743088876773912,0.5,7,24
276,276:7,Vehicle:4,scene_28_18,13899976725,Vehicle-Passenger,248.03121105773826,-2.430338779663345,0.0,0,12
276,276:7,Vehicle:4,scene_28_18,13899976725,Vehicle-Passenger,248.03121105773826,-2.430338779663345,0.5,1,21
276,276:8,Vehicle:9,scene_28_18,13899976725,Vehicle-Passenger,40.75012577298521,122.79855022267894,0.0,3,32
276,276:8,Vehicle:9,scene_28_18,13899976725,Vehicle-Passenger,40.75012577298521,122.79855022267894,0.5,8,89
276,276:9,Vehicle:15,scene_28_18,13899976725,Vehicle-Passenger,114.59526078779777,160.72343131717514,0.0,0,0
276,276:9,Vehicle:15,scene_28_18,13899976725,Vehicle-Passenger,114.59526078779777,160.72343131717514,0.5,2,0
286,286:0,TrafficSign:1,scene_28_18,14399958850,TrafficSign,396.194511461061,-3.470571944747722,0.0,0,0
286,286:0,TrafficSign:1,scene_28_18,14399958850,TrafficSign,396.194511461061,-3.470571944747722,0.5,0,4
286,286:1,Vehicle:1,scene_28_18,14399958850,Vehicle-Passenger,60.83387742281295,-0.8901254152103784,0.0,7,134
286,286:1,Vehicle:1,scene_28_18,14399958850,Vehicle-Passenger,60.83387742281295,-0.8901254152103784,0.5,13,689
286,286:2,Vehicle:10,scene_28_18,14399958850,Vehicle-Passenger,85.51802631533606,21.333776174644395,0.0,4,0
286,286:2,Vehicle:10,scene_28_18,14399958850,Vehicle-Passenger,85.51802631533606,21.333776174644395,0.5,7,27
286,286:5,Vehicle:19,scene_28_18,14399958850,Vehicle-Trailer,137.09654140008078,164.13702465885646,0.0,1,78
286,286:5,Vehicle:19,scene_28_18,14399958850,Vehicle-Trailer,137.09654140008078,164.13702465885646,0.5,1,104
286,286:6,Vehicle:2,scene_28_18,14399958850,Vehicle,137.56247947076042,179.6575554701626,0.0,6,41
286,286:6,Vehicle:2,scene_28_18,14399958850,Vehicle,137.56247947076042,179.6575554701626,0.5,7,59
286,286:7,Vehicle:3,scene_28_18,14399958850,Vehicle-Passenger,149.6341155859118,-2.433890586212327,0.0,1,14
286,286:7,Vehicle:3,scene_28_18,14399958850,Vehicle-Passenger,149.6341155859118,-2.433890586212327,0.5,4,18
286,286:8,Vehicle:4,scene_28_18,14399958850,Vehicle-Passenger,249.60712874363585,-2.0671306455674396,0.0,0,27
286,286:8,Vehicle:4,scene_28_18,14399958850,Vehicle-Passenger,249.60712874363585,-2.0671306455674396,0.5,1,29
286,286:9,Vehicle:9,scene_28_18,14399958850,Vehicle-Passenger,62.354844241725914,146.44607150775013,0.0,2,5
286,286:9,Vehicle:9,scene_28_18,14399958850,Vehicle-Passenger,62.354844241725914,146.44607150775013,0.5,5,13
286,286:10,Vehicle:15,scene_28_18,14399958850,Vehicle-Passenger,142.90582292368833,164.78889231447863,0.0,0,7
286,286:10,Vehicle:15,scene_28_18,14399958850,Vehicle-Passenger,142.90582292368833,164.78889231447863,0.5,1,14
296,296:0,TrafficSign:1,scene_28_18,14900098075,TrafficSign,381.55578848074447,-3.104669261201188,0.0,0,0
296,296:0,TrafficSign:1,scene_28_18,14900098075,TrafficSign,381.55578848074447,-3.104669261201188,0.5,0,3
296,296:1,Vehicle:1,scene_28_18,14900098075,Vehicle-Passenger,64.14697842363188,-0.6847775339958492,0.0,7,111
296,296:1,Vehicle:1,scene_28_18,14900098075,Vehicle-Passenger,64.14697842363188,-0.6847775339958492,0.5,10,678
296,296:2,Vehicle:10,scene_28_18,14900098075,Vehicle-Passenger,57.28160005442352,33.78095982663097,0.0,5,5
296,296:2,Vehicle:10,scene_28_18,14900098075,Vehicle-Passenger,57.28160005442352,33.78095982663097,0.5,13,64
296,296:5,Vehicle:15,scene_28_18,14900098075,Vehicle-Passenger,171.86049914867263,167.64464290169528,0.0,0,4
296,296:5,Vehicle:15,scene_28_18,14900098075,Vehicle-Passenger,171.86049914867263,167.64464290169528,0.5,0,7
296,296:6,Vehicle:19,scene_28_18,14900098075,Vehicle-Trailer,166.25042235053456,167.21479754582543,0.0,0,71
296,296:6,Vehicle:19,scene_28_18,14900098075,Vehicle-Trailer,166.25042235053456,167.21479754582543,0.5,1,97
296,296:7,Vehicle:2,scene_28_18,14900098075,Vehicle-SingleUnitTruck,136.9133164474462,-179.37522939767643,0.0,0,3
296,296:7,Vehicle:2,scene_28_18,14900098075,Vehicle-SingleUnitTruck,136.9133164474462,-179.37522939767643,0.5,1,65
296,296:8,Vehicle:3,scene_28_18,14900098075,Vehicle-Passenger,152.30494406940272,-2.0522795051215414,0.0,2,10
296,296:8,Vehicle:3,scene_28_18,14900098075,Vehicle-Passenger,152.30494406940272,-2.0522795051215414,0.5,3,21
296,296:9,Vehicle:4,scene_28_18,14900098075,Vehicle-Passenger,251.00468974964278,-1.6542913492252722,0.0,0,17
296,296:9,Vehicle:4,scene_28_18,14900098075,Vehicle-Passenger,251.00468974964278,-1.6542913492252722,0.5,0,30
296,296:10,Vehicle:9,scene_28_18,14900098075,Vehicle-Passenger,88.8172266870864,157.27427270186203,0.0,0,49
296,296:10,Vehicle:9,scene_28_18,14900098075,Vehicle-Passenger,88.8172266870864,157.27427270186203,0.5,0,57
306,306:0,TrafficSign:1,scene_28_18,15400080100,TrafficSign,366.87011486520896,-2.724312433863992,0.0,0,0
306,306:0,TrafficSign:1,scene_28_18,15400080100,TrafficSign,366.87011486520896,-2.724312433863992,0.5,0,5
306,306:1,Vehicle:1,scene_28_18,15400080100,Vehicle-Passenger,67.4582540668271,-0.4222498297098655,0.0,4,97
306,306:1,Vehicle:1,scene_28_18,15400080100,Vehicle-Passenger,67.4582540668271,-0.4222498297098655,0.5,12,474
306,306:2,Vehicle:10,scene_28_18,15400080100,Vehicle-Passenger,35.38001720253726,64.40501947806587,0.0,9,206
306,306:2,Vehicle:10,scene_28_18,15400080100,Vehicle-Passenger,35.38001720253726,64.40501947806587,0.5,9,312
306,306:5,Vehicle:19,scene_28_18,15400080100,Vehicle-Trailer,196.18808402854907,169.52206315791244,0.0,0,11
306,306:5,Vehicle:19,scene_28_18,15400080100,Vehicle-Trailer,196.18808402854907,169.52206315791244,0.5,1,61
306,306:6,Vehicle:2,scene_28_18,15400080100,Vehicle-SingleUnitTruck,135.4197335853939,-178.5827616272579,0.0,3,156
306,306:6,Vehicle:2,scene_28_18,15400080100,Vehicle-SingleUnitTruck,135.4197335853939,-178.5827616272579,0.5,4,163
306,306:7,Vehicle:3,scene_28_18,15400080100,Vehicle-Passenger,154.86318218044417,-1.6356436493100652,0.0,1,14
306,306:7,Vehicle:3,scene_28_18,15400080100,Vehicle-Passenger,154.86318218044417,-1.6356436493100652,0.5,1,22
306,306:8,Vehicle:4,scene_28_18,15400080100,Vehicle-Passenger,252.18571125534376,-1.219871277716585,0.0,2,24
306,306:8,Vehicle:4,scene_28_18,15400080100,Vehicle-Passenger,252.18571125534376,-1.219871277716585,0.5,3,30
306,306:9,Vehicle:9,scene_28_18,15400080100,Vehicle-Passenger,117.70683215450286,163.35244761334638,0.0,0,29
306,306:9,Vehicle:9,scene_28_18,15400080100,Vehicle-Passenger,117.70683215450286,163.35244761334638,0.5,0,31
318,318:0,TrafficSign:1,scene_28_18,15999979300,TrafficSign,349.32218161122785,-2.4648880056731413,0.0,0,0
318,318:0,TrafficSign:1,scene_28_18,15999979300,TrafficSign,349.32218161122785,-2.4648880056731413,0.5,0,13
318,318:1,Vehicle:1,scene_28_18,15999979300,Vehicle-Passenger,71.38736069961458,-0.17312127638460112,0.0,4,58
318,318:1,Vehicle:1,scene_28_18,15999979300,Vehicle-Passenger,71.38736069961458,-0.17312127638460112,0.5,6,519
318,318:2,Vehicle:10,scene_28_18,15999979300,Vehicle-Passenger,39.68470831506528,126.55872446369196,0.0,0,1
318,318:2,Vehicle:10,scene_28_18,15999979300,Vehicle-Passenger,39.68470831506528,126.55872446369196,0.5,1,105
318,318:3,Vehicle:11,scene_28_18,15999979300,Vehicle-SingleUnitTruck,136.16195882805442,13.634758653227125,0.0,14,1
318,318:3,Vehicle:11,scene_28_18,15999979300,Vehicle-SingleUnitTruck,136.16195882805442,13.634758653227125,0.5,17,30
318,318:6,Vehicle:19,scene_28_18,15999979300,Vehicle-Trailer,232.3759585234687,171.3680045210888,0.0,0,4
318,318:6,Vehicle:19,scene_28_18,15999979300,Vehicle-Trailer,232.3759585234687,171.3680045210888,0.5,0,15
318,318:7,Vehicle:2,scene_28_18,15999979300,Vehicle-SingleUnitTruck,134.1632154125144,-178.13929203639054,0.0,4,186
318,318:7,Vehicle:2,scene_28_18,15999979300,Vehicle-SingleUnitTruck,134.1632154125144,-178.13929203639054,0.5,7,192
318,318:8,Vehicle:3,scene_28_18,15999979300,Vehicle-Passenger,157.81843223391394,-1.2782596289983166,0.0,0,3
318,318:8,Vehicle:3,scene_28_18,15999979300,Vehicle-Passenger,157.81843223391394,-1.2782596289983166,0.5,3,29
318,318:9,Vehicle:4,scene_28_18,15999979300,Vehicle-Passenger,253.60238102245572,-0.8694012294672858,0.0,2,26
318,318:9,Vehicle:4,scene_28_18,15999979300,Vehicle-Passenger,253.60238102245572,-0.8694012294672858,0.5,2,35
318,318:10,Vehicle:9,scene_28_18,15999979300,Vehicle-Passenger,153.59468706770727,167.57523571341224,0.0,0,15
318,318:10,Vehicle:9,scene_28_18,15999979300,Vehicle-Passenger,153.59468706770727,167.57523571341224,0.5,1,31
318,318:11,Vehicle:16,scene_28_18,15999979300,Vehicle-SemiTruck-Cab,378.5509058889894,4.850818910928416,0.0,0,0
318,318:11,Vehicle:16,scene_28_18,15999979300,Vehicle-SemiTruck-Cab,378.5509058889894,4.850818910928416,0.5,0,0
328,328:0,TrafficSign:1,scene_28_18,16499961200,TrafficSign,334.7355327671387,-2.511422385433143,0.0,0,0
328,328:0,TrafficSign:1,scene_28_18,16499961200,TrafficSign,334.7355327671387,-2.511422385433143,0.5,0,3
328,328:1,TrafficSign:4,scene_28_18,16499961200,TrafficSign,387.38906746096364,-1.8007136344317562,0.0,0,0
328,328:1,TrafficSign:4,scene_28_18,16499961200,TrafficSign,387.38906746096364,-1.8007136344317562,0.5,0,0
328,328:2,Vehicle:1,scene_28_18,16499961200,Vehicle-Passenger,74.65314151440423,-0.16583923120283103,0.0,4,44
328,328:2,Vehicle:1,scene_28_18,16499961200,Vehicle-Passenger,74.65314151440423,-0.16583923120283103,0.5,11,401
328,328:3,Vehicle:11,scene_28_18,16499961200,Vehicle-SingleUnitTruck,107.89679924334742,17.703036560829165,0.0,16,1
328,328:3,Vehicle:11,scene_28_18,16499961200,Vehicle-SingleUnitTruck,107.89679924334742,17.703036560829165,0.5,21,9
328,328:6,Vehicle:16,scene_28_18,16499961200,Vehicle-SemiTruck-Cab,347.07847997093614,5.318500046454517,0.0,0,6
328,328:6,Vehicle:16,scene_28_18,16499961200,Vehicle-SemiTruck-Cab,347.07847997093614,5.318500046454517,0.5,0,6
328,328:7,Vehicle:17,scene_28_18,16499961200,Vehicle-SemiTruck-Trailer,358.95098711359213,5.149590262809081,0.0,0,6
328,328:7,Vehicle:17,scene_28_18,16499961200,Vehicle-SemiTruck-Trailer,358.95098711359213,5.149590262809081,0.5,0,9
328,328:8,Vehicle:19,scene_28_18,16499961200,Vehicle-Trailer,262.3035163614787,172.26220082984355,0.0,0,8
328,328:8,Vehicle:19,scene_28_18,16499961200,Vehicle-Trailer,262.3035163614787,172.26220082984355,0.5,0,14
328,328:9,Vehicle:2,scene_28_18,16499961200,Vehicle-SingleUnitTruck,133.68866451762764,-178.13546573633386,0.0,1,184
328,328:9,Vehicle:2,scene_28_18,16499961200,Vehicle-SingleUnitTruck,133.68866451762764,-178.13546573633386,0.5,7,184
328,328:10,Vehicle:3,scene_28_18,16499961200,Vehicle-Passenger,160.35344414539193,-1.2121053813190488,0.0,1,25
328,328:10,Vehicle:3,scene_28_18,16499961200,Vehicle-Passenger,160.35344414539193,-1.2121053813190488,0.5,4,45
328,328:11,Vehicle:4,scene_28_18,16499961200,Vehicle-Passenger,254.93129854095093,-0.8146173316787141,0.0,1,25
328,328:11,Vehicle:4,scene_28_18,16499961200,Vehicle-Passenger,254.93129854095093,-0.8146173316787141,0.5,1,37
328,328:12,Vehicle:10,scene_28_18,16499961200,Vehicle-Passenger,64.40672295998584,150.0064597117081,0.0,0,0
328,328:12,Vehicle:10,scene_28_18,16499961200,Vehicle-Passenger,64.40672295998584,150.0064597117081,0.5,1,18
328,328:13,Vehicle:12,scene_28_18,16499961200,Vehicle-Passenger,199.87630076942094,9.216252527561556,0.0,2,0
328,328:13,Vehicle:12,scene_28_18,16499961200,Vehicle-Passenger,199.87630076942094,9.216252527561556,0.5,3,0
328,328:14,Vehicle:9,scene_28_18,16499961200,Vehicle-Passenger,183.09902031269448,169.61072592337575,0.0,0,0
328,328:14,Vehicle:9,scene_28_18,16499961200,Vehicle-Passenger,183.09902031269448,169.61072592337575,0.5,0,0
338,338:0,TrafficSign:1,scene_28_18,17000100300,TrafficSign,319.98558323361885,-2.5891333355942243,0.0,0,0
338,338:0,TrafficSign:1,scene_28_18,17000100300,TrafficSign,319.98558323361885,-2.5891333355942243,0.5,0,4
338,338:1,TrafficSign:4,scene_28_18,17000100300,TrafficSign,372.6056523914812,-1.8440383587547782,0.0,0,0
338,338:1,TrafficSign:4,scene_28_18,17000100300,TrafficSign,372.6056523914812,-1.8440383587547782,0.5,0,2
338,338:2,Vehicle:1,scene_28_18,17000100300,Vehicle-Passenger,77.8249205677775,-0.2909309800622577,0.0,0,39
338,338:2,Vehicle:1,scene_28_18,17000100300,Vehicle-Passenger,77.8249205677775,-0.2909309800622577,0.5,5,307
338,338:3,Vehicle:10,scene_28_18,17000100300,Vehicle-Passenger,92.88096066286643,159.63614058983566,0.0,0,3
338,338:3,Vehicle:10,scene_28_18,17000100300,Vehicle-Passenger,92.88096066286643,159.63614058983566,0.5,1,3
338,338:4,Vehicle:11,scene_28_18,17000100300,Vehicle-SingleUnitTruck,79.79215444888204,24.36886430558569,0.0,27,20
338,338:4,Vehicle:11,scene_28_18,17000100300,Vehicle-SingleUnitTruck,79.79215444888204,24.36886430558569,0.5,35,61
338,338:7,Vehicle:16,scene_28_18,17000100300,Vehicle-SemiTruck-Cab,315.2661821276488,5.868857440831095,0.0,2,4
338,338:7,Vehicle:16,scene_28_18,17000100300,Vehicle-SemiTruck-Cab,315.2661821276488,5.868857440831095,0.5,2,4
338,338:8,Vehicle:2,scene_28_18,17000100300,Vehicle-SingleUnitTruck,133.15409599509871,-178.07238641109478,0.0,4,250
338,338:8,Vehicle:2,scene_28_18,17000100300,Vehicle-SingleUnitTruck,133.15409599509871,-178.07238641109478,0.5,9,255
338,338:9,Vehicle:3,scene_28_18,17000100300,Vehicle-Passenger,162.82950949882476,-1.1974414238425046,0.0,2,15
338,338:9,Vehicle:3,scene_28_18,17000100300,Vehicle-Passenger,162.82950949882476,-1.1974414238425046,0.5,3,36
338,338:10,Vehicle:4,scene_28_18,17000100300,Vehicle-Passenger,256.1437354781362,-0.7839267817563599,0.0,0,29
338,338:10,Vehicle:4,scene_28_18,17000100300,Vehicle-Passenger,256.1437354781362,-0.7839267817563599,0.5,1,40
338,338:11,Vehicle:12,scene_28_18,17000100300,Vehicle-Passenger,170.84798415115446,10.80846643929712,0.0,4,0
338,338:11,Vehicle:12,scene_28_18,17000100300,Vehicle-Passenger,170.84798415115446,10.80846643929712,0.5,6,1
338,338:12,Vehicle:17,scene_28_18,17000100300,Vehicle-SemiTruck-Trailer,327.2760787334156,5.666218200004702,0.0,0,0
338,338:12,Vehicle:17,scene_28_18,17000100300,Vehicle-SemiTruck-Trailer,327.2760787334156,5.666218200004702,0.5,1,0
348,348:0,TrafficSign:1,scene_28_18,17500082300,TrafficSign,305.4235499449365,-2.813434595646412,0.0,0,0
348,348:0,TrafficSign:1,scene_28_18,17500082300,TrafficSign,305.4235499449365,-2.813434595646412,0.5,0,5
348,348:1,TrafficSign:4,scene_28_18,17500082300,TrafficSign,357.9888558587535,-2.017953523320378,0.0,0,0
348,348:1,TrafficSign:4,scene_28_18,17500082300,TrafficSign,357.9888558587535,-2.017953523320378,0.5,0,0
348,348:2,Vehicle:1,scene_28_18,17500082300,Vehicle-Passenger,81.23925773461706,-0.5239854767580416,0.0,0,6
348,348:2,Vehicle:1,scene_28_18,17500082300,Vehicle-Passenger,81.23925773461706,-0.5239854767580416,0.5,5,175
348,348:3,Vehicle:10,scene_28_18,17500082300,Vehicle-Passenger,121.59662996188987,164.41879570698788,0.0,0,0
348,348:3,Vehicle:10,scene_28_18,17500082300,Vehicle-Passenger,121.59662996188987,164.41879570698788,0.5,0,1
348,348:4,Vehicle:11,scene_28_18,17500082300,Vehicle-SingleUnitTruck,53.310796509546265,37.671415318341566,0.0,42,119
348,348:4,Vehicle:11,scene_28_18,17500082300,Vehicle-SingleUnitTruck,53.310796509546265,37.671415318341566,0.5,49,204
348,348:5,Vehicle:12,scene_28_18,17500082300,Vehicle-Passenger,142.36669715744594,13.04100382230061,0.0,4,0
348,348:5,Vehicle:12,scene_28_18,17500082300,Vehicle-Passenger,142.36669715744594,13.04100382230061,0.5,7,8
348,348:8,Vehicle:16,scene_28_18,17500082300,Vehicle-SemiTruck-Cab,285.0056707474954,6.384999808650735,0.0,2,8
348,348:8,Vehicle:16,scene_28_18,17500082300,Vehicle-SemiTruck-Cab,285.0056707474954,6.384999808650735,0.5,2,8
348,348:9,Vehicle:17,scene_28_18,17500082300,Vehicle-SemiTruck-Trailer,296.62011809559124,6.1394155467006915,0.0,1,11
348,348:9,Vehicle:17,scene_28_18,17500082300,Vehicle-SemiTruck-Trailer,296.62011809559124,6.1394155467006915,0.5,2,11
348,348:10,Vehicle:2,scene_28_18,17500082300,Vehicle-SingleUnitTruck,132.16968651037843,-178.18996538737522,0.0,2,294
348,348:10,Vehicle:2,scene_28_18,17500082300,Vehicle-SingleUnitTruck,132.16968651037843,-178.18996538737522,0.5,8,312
348,348:11,Vehicle:3,scene_28_18,17500082300,Vehicle-Passenger,165.50887950331435,-1.2926936943626737,0.0,0,21
348,348:11,Vehicle:3,scene_28_18,17500082300,Vehicle-Passenger,165.50887950331435,-1.2926936943626737,0.5,1,34
348,348:12,Vehicle:4,scene_28_18,17500082300,Vehicle-Passenger,257.36815422448876,-0.8814931381982506,0.0,0,8
348,348:12,Vehicle:4,scene_28_18,17500082300,Vehicle-Passenger,257.36815422448876,-0.8814931381982506,0.5,1,35
358,358:0,TrafficSign:1,scene_28_18,18000053975,TrafficSign,290.6913304550456,-2.9462366972732497,0.0,0,0
358,358:0,TrafficSign:1,scene_28_18,18000053975,TrafficSign,290.6913304550456,-2.9462366972732497,0.5,1,3
358,358:1,TrafficSign:3,scene_28_18,18000053975,TrafficSign,396.00787596035775,0.8241175625899129,0.0,0,0
358,358:1,TrafficSign:3,scene_28_18,18000053975,TrafficSign,396.00787596035775,0.8241175625899129,0.5,0,0
358,358:2,TrafficSign:4,scene_28_18,18000053975,TrafficSign,343.24902227570203,-2.090105204723291,0.0,0,0
358,358:2,TrafficSign:4,scene_28_18,18000053975,TrafficSign,343.24902227570203,-2.090105204723291,0.5,0,0
358,358:3,Vehicle:1,scene_28_18,18000053975,Vehicle-Passenger,84.49088305435521,-0.7267841007270501,0.0,3,79
358,358:3,Vehicle:1,scene_28_18,18000053975,Vehicle-Passenger,84.49088305435521,-0.7267841007270501,0.5,4,213
358,358:4,Vehicle:11,scene_28_18,18000053975,Vehicle-SingleUnitTruck,34.56143981626767,70.37954952111137,0.0,15,1832
358,358:4,Vehicle:11,scene_28_18,18000053975,Vehicle-SingleUnitTruck,34.56143981626767,70.37954952111137,0.5,15,2596
358,358:7,Vehicle:16,scene_28_18,18000053975,Vehicle-SemiTruck-Cab,256.06453786995155,7.12744289369175,0.0,1,8
358,358:7,Vehicle:16,scene_28_18,18000053975,Vehicle-SemiTruck-Cab,256.06453786995155,7.12744289369175,0.5,2,12
358,358:8,Vehicle:17,scene_28_18,18000053975,Vehicle-SemiTruck-Trailer,266.44953680170136,6.832393284545858,0.0,2,10
358,358:8,Vehicle:17,scene_28_18,18000053975,Vehicle-SemiTruck-Trailer,266.44953680170136,6.832393284545858,0.5,4,10
358,358:9,Vehicle:2,scene_28_18,18000053975,Vehicle-SingleUnitTruck,131.49729494895897,-178.10552122022034,0.0,2,253
358,358:9,Vehicle:2,scene_28_18,18000053975,Vehicle-SingleUnitTruck,131.49729494895897,-178.10552122022034,0.5,9,264
358,358:10,Vehicle:3,scene_28_18,18000053975,Vehicle-Passenger,168.09237894188024,-1.2947047218431684,0.0,0,24
358,358:10,Vehicle:3,scene_28_18,18000053975,Vehicle-Passenger,168.09237894188024,-1.2947047218431684,0.5,0,30
358,358:11,Vehicle:4,scene_28_18,18000053975,Vehicle-Passenger,258.24189316104713,-0.8788370474491826,0.0,1,28
358,358:11,Vehicle:4,scene_28_18,18000053975,Vehicle-Passenger,258.24189316104713,-0.8788370474491826,0.5,1,31
358,358:12,Vehicle:10,scene_28_18,18000053975,Vehicle-Passenger,152.4073906610645,167.58200055535198,0.0,0,0
358,358:12,Vehicle:10,scene_28_18,18000053975,Vehicle-Passenger,152.4073906610645,167.58200055535198,0.5,1,0
358,358:13,Vehicle:12,scene_28_18,18000053975,Vehicle-Passenger,113.83330262581771,16.6382005389929,0.0,8,7
358,358:13,Vehicle:12,scene_28_18,18000053975,Vehicle-Passenger,113.83330262581771,16.6382005389929,0.5,11,8
368,368:0,TrafficSign:1,scene_28_18,18500035875,TrafficSign,276.0591501140556,-3.1420636877403125,0.0,0,0
368,368:0,TrafficSign:1,scene_28_18,18500035875,TrafficSign,276.0591501140556,-3.1420636877403125,0.5,1,8
368,368:1,TrafficSign:3,scene_28_18,18500035875,TrafficSign,381.38122329849676,0.8175108105422472,0.0,0,0
368,368:1,TrafficSign:3,scene_28_18,18500035875,TrafficSign,381.38122329849676,0.8175108105422472,0.5,0,0
368,368:2,TrafficSign:4,scene_28_18,18500035875,TrafficSign,328.6722373712311,-2.222887931843696,0.0,0,0
368,368:2,TrafficSign:4,scene_28_18,18500035875,TrafficSign,328.6722373712311,-2.222887931843696,0.5,0,0
368,368:3,Vehicle:1,scene_28_18,18500035875,Vehicle-Passenger,87.769251436969,-0.9512743829894246,0.0,0,36
368,368:3,Vehicle:1,scene_28_18,18500035875,Vehicle-Passenger,87.769251436969,-0.9512743829894246,0.5,5,224
368,368:4,Vehicle:10,scene_28_18,18500035875,Vehicle-Passenger,186.73953279040794,169.68759488017852,0.0,0,1
368,368:4,Vehicle:10,scene_28_18,18500035875,Vehicle-Passenger,186.73953279040794,169.68759488017852,0.5,0,5
368,368:5,Vehicle:11,scene_28_18,18500035875,Vehicle-SingleUnitTruck,37.67323445364764,118.68550142448852,0.0,29,69
368,368:5,Vehicle:11,scene_28_18,18500035875,Vehicle-SingleUnitTruck,37.67323445364764,118.68550142448852,0.5,32,734
368,368:6,Vehicle:12,scene_28_18,18500035875,Vehicle-Passenger,85.7313358545811,22.49062606400918,0.0,8,6
368,368:6,Vehicle:12,scene_28_18,18500035875,Vehicle-Passenger,85.7313358545811,22.49062606400918,0.5,10,14
368,368:9,Vehicle:16,scene_28_18,18500035875,Vehicle-SemiTruck-Cab,227.06775009139034,8.002128699639849,0.0,2,0
368,368:9,Vehicle:16,scene_28_18,18500035875,Vehicle-SemiTruck-Cab,227.06775009139034,8.002128699639849,0.5,4,1
368,368:10,Vehicle:2,scene_28_18,18500035875,Vehicle-SingleUnitTruck,131.0091027620613,-178.09152304219143,0.0,4,274
368,368:10,Vehicle:2,scene_28_18,18500035875,Vehicle-SingleUnitTruck,131.0091027620613,-178.09152304219143,0.5,9,291
368,368:11,Vehicle:3,scene_28_18,18500035875,Vehicle-Passenger,170.76048208151593,-1.3369564149061872,0.0,0,5
368,368:11,Vehicle:3,scene_28_18,18500035875,Vehicle-Passenger,170.76048208151593,-1.3369564149061872,0.5,0,21
368,368:12,Vehicle:4,scene_28_18,18500035875,Vehicle-Passenger,259.2101372060883,-0.9265751927058353,0.0,0,15
368,368:12,Vehicle:4,scene_28_18,18500035875,Vehicle-Passenger,259.2101372060883,-0.9265751927058353,0.5,0,26
368,368:13,Vehicle:17,scene_28_18,18500035875,Vehicle-SemiTruck-Trailer,236.74019439075568,7.6432490303109795,0.0,6,5
368,368:13,Vehicle:17,scene_28_18,18500035875,Vehicle-SemiTruck-Trailer,236.74019439075568,7.6432490303109795,0.5,8,5
378,378:0,TrafficSign:1,scene_28_18,19000007500,TrafficSign,261.3913347188906,-3.3299275358996923,0.0,0,0
378,378:0,TrafficSign:1,scene_28_18,19000007500,TrafficSign,261.3913347188906,-3.3299275358996923,0.5,1,2
378,378:1,TrafficSign:10,scene_28_18,19000007500,TrafficSign,395.7931231338567,1.9041577775108496,0.0,0,0
378,378:1,TrafficSign:10,scene_28_18,19000007500,TrafficSign,395.7931231338567,1.9041577775108496,0.5,0,1
378,378:2,TrafficSign:3,scene_28_18,19000007500,TrafficSign,366.6951249692565,0.8327725424614117,0.0,0,0
378,378:2,TrafficSign:3,scene_28_18,19000007500,TrafficSign,366.6951249692565,0.8327725424614117,0.5,0,0
378,378:3,TrafficSign:4,scene_28_18,19000007500,TrafficSign,314.0296799402227,-2.339373675612367,0.0,0,0
378,378:3,TrafficSign:4,scene_28_18,19000007500,TrafficSign,314.0296799402227,-2.339373675612367,0.5,0,0
378,378:4,Vehicle:1,scene_28_18,19000007500,Vehicle-Passenger,90.94255292234025,-1.1626587424648778,0.0,2,26
378,378:4,Vehicle:1,scene_28_18,19000007500,Vehicle-Passenger,90.94255292234025,-1.1626587424648778,0.5,6,144
378,378:5,Vehicle:11,scene_28_18,19000007500,Vehicle-SingleUnitTruck,58.38173468512392,144.91722369325834,0.0,24,5
378,378:5,Vehicle:11,scene_28_18,19000007500,Vehicle-SingleUnitTruck,58.38173468512392,144.91722369325834,0.5,27,74
378,378:6,Vehicle:12,scene_28_18,19000007500,Vehicle-Passenger,59.04551649539941,33.629023913387876,0.0,16,39
378,378:6,Vehicle:12,scene_28_18,19000007500,Vehicle-Passenger,59.04551649539941,33.629023913387876,0.5,25,126
378,378:9,Vehicle:16,scene_28_18,19000007500,Vehicle-SemiTruck-Cab,196.90011734417828,9.227705167562046,0.0,2,64
378,378:9,Vehicle:16,scene_28_18,19000007500,Vehicle-SemiTruck-Cab,196.90011734417828,9.227705167562046,0.5,4,65
378,378:10,Vehicle:17,scene_28_18,19000007500,Vehicle-SemiTruck-Trailer,207.27767089747388,8.737403242763463,0.0,8,8
378,378:10,Vehicle:17,scene_28_18,19000007500,Vehicle-SemiTruck-Trailer,207.27767089747388,8.737403242763463,0.5,11,41
378,378:11,Vehicle:2,scene_28_18,19000007500,Vehicle-SingleUnitTruck,130.55645012373114,-178.0521544191615,0.0,5,252
378,378:11,Vehicle:2,scene_28_18,19000007500,Vehicle-SingleUnitTruck,130.55645012373114,-178.0521544191615,0.5,9,264
378,378:12,Vehicle:3,scene_28_18,19000007500,Vehicle-Passenger,173.23712667470767,-1.3611182667681412,0.0,0,14
378,378:12,Vehicle:3,scene_28_18,19000007500,Vehicle-Passenger,173.23712667470767,-1.3611182667681412,0.5,0,29
378,378:13,Vehicle:4,scene_28_18,19000007500,Vehicle-Passenger,260.23387848710007,-0.9506718221649609,0.0,0,31
378,378:13,Vehicle:4,scene_28_18,19000007500,Vehicle-Passenger,260.23387848710007,-0.9506718221649609,0.5,0,35
388,388:0,TrafficSign:1,scene_28_18,19499989375,TrafficSign,246.70783262698745,-3.4766386561246785,0.0,0,0
388,388:0,TrafficSign:1,scene_28_18,19499989375,TrafficSign,246.70783262698745,-3.4766386561246785,0.5,2,9
388,388:1,TrafficSign:10,scene_28_18,19499989375,TrafficSign,381.0556961891696,2.013453897379679,0.0,0,0
388,388:1,TrafficSign:10,scene_28_18,19499989375,TrafficSign,381.0556961891696,2.013453897379679,0.5,0,0
388,388:2,TrafficSign:3,scene_28_18,19499989375,TrafficSign,351.9870651019023,0.9159144104775779,0.0,0,0
388,388:2,TrafficSign:3,scene_28_18,19499989375,TrafficSign,351.9870651019023,0.9159144104775779,0.5,0,0
388,388:3,TrafficSign:4,scene_28_18,19499989375,TrafficSign,299.3158594442666,-2.403134612128617,0.0,0,0
388,388:3,TrafficSign:4,scene_28_18,19499989375,TrafficSign,299.3158594442666,-2.403134612128617,0.5,0,0
388,388:4,Vehicle:1,scene_28_18,19499989375,Vehicle-Passenger,94.06115780493953,-1.3295709643324167,0.0,1,79
388,388:4,Vehicle:1,scene_28_18,19499989375,Vehicle-Passenger,94.06115780493953,-1.3295709643324167,0.5,5,208
388,388:5,Vehicle:11,scene_28_18,19499989375,Vehicle-SingleUnitTruck,85.01886360441814,156.58425787421947,0.0,9,20
388,388:5,Vehicle:11,scene_28_18,19499989375,Vehicle-SingleUnitTruck,85.01886360441814,156.58425787421947,0.5,15,31
388,388:6,Vehicle:12,scene_28_18,19499989375,Vehicle-Passenger,37.76108394228939,59.66953346332293,0.0,7,996
388,388:6,Vehicle:12,scene_28_18,19499989375,Vehicle-Passenger,37.76108394228939,59.66953346332293,0.5,9,1070
388,388:9,Vehicle:16,scene_28_18,19499989375,Vehicle-SemiTruck-Cab,167.0404484927754,10.967932094279472,0.0,0,43
388,388:9,Vehicle:16,scene_28_18,19499989375,Vehicle-SemiTruck-Cab,167.0404484927754,10.967932094279472,0.5,3,52
388,388:10,Vehicle:17,scene_28_18,19499989375,Vehicle-SemiTruck-Trailer,178.112387054056,10.27350352167561,0.0,12,20
388,388:10,Vehicle:17,scene_28_18,19499989375,Vehicle-SemiTruck-Trailer,178.112387054056,10.27350352167561,0.5,15,21
388,388:11,Vehicle:2,scene_28_18,19499989375,Vehicle-SingleUnitTruck,130.03321263785244,-177.95190310616672,0.0,2,234
388,388:11,Vehicle:2,scene_28_18,19499989375,Vehicle-SingleUnitTruck,130.03321263785244,-177.95190310616672,0.5,9,242
388,388:12,Vehicle:3,scene_28_18,19499989375,Vehicle-Passenger,175.6306943858821,-1.3232767357265032,0.0,0,27
388,388:12,Vehicle:3,scene_28_18,19499989375,Vehicle-Passenger,175.6306943858821,-1.3232767357265032,0.5,1,42
388,388:13,Vehicle:4,scene_28_18,19499989375,Vehicle-Passenger,261.2067194118051,-0.9082228935335922,0.0,2,22
388,388:13,Vehicle:4,scene_28_18,19499989375,Vehicle-Passenger,261.2067194118051,-0.9082228935335922,0.5,2,35
398,398:0,TrafficSign:1,scene_28_18,19999960925,TrafficSign,232.01796185019725,-3.645630299773305,0.0,0,0
398,398:0,TrafficSign:1,scene_28_18,19999960925,TrafficSign,232.01796185019725,-3.645630299773305,0.5,1,6
398,398:1,TrafficSign:10,scene_28_18,19999960925,TrafficSign,366.299933089794,2.1439165585495155,0.0,0,0
398,398:1,TrafficSign:10,scene_28_18,19999960925,TrafficSign,366.299933089794,2.1439165585495155,0.5,0,0
398,398:2,TrafficSign:2,scene_28_18,19999960925,TrafficSign,385.2790258903987,2.0268753562390582,0.0,0,0
398,398:2,TrafficSign:2,scene_28_18,19999960925,TrafficSign,385.2790258903987,2.0268753562390582,0.5,0,2
398,398:3,TrafficSign:3,scene_28_18,19999960925,TrafficSign,337.2502312336465,1.004942351204706,0.0,0,0
398,398:3,TrafficSign:3,scene_28_18,19999960925,TrafficSign,337.2502312336465,1.004942351204706,0.5,0,0
398,398:4,TrafficSign:4,scene_28_18,19999960925,TrafficSign,284.57376790043924,-2.477632152207521,0.0,0,0
398,398:4,TrafficSign:4,scene_28_18,19999960925,TrafficSign,284.57376790043924,-2.477632152207521,0.5,0,0
398,398:5,Vehicle:1,scene_28_18,19999960925,Vehicle-Passenger,97.178520125879,-1.4844124576728384,0.0,2,53
398,398:5,Vehicle:1,scene_28_18,19999960925,Vehicle-Passenger,97.178520125879,-1.4844124576728384,0.5,8,161
398,398:6,Vehicle:11,scene_28_18,19999960925,Vehicle-SingleUnitTruck,113.87212933100429,162.60657825527906,0.0,4,14
398,398:6,Vehicle:11,scene_28_18,19999960925,Vehicle-SingleUnitTruck,113.87212933100429,162.60657825527906,0.5,10,14
398,398:7,Vehicle:12,scene_28_18,19999960925,Vehicle-Passenger,34.52673430043548,108.718122626093,0.0,14,120
398,398:7,Vehicle:12,scene_28_18,19999960925,Vehicle-Passenger,34.52673430043548,108.718122626093,0.5,16,685
398,398:10,Vehicle:16,scene_28_18,19999960925,Vehicle-SemiTruck-Cab,138.50645160944234,13.39685561560987,0.0,5,20
398,398:10,Vehicle:16,scene_28_18,19999960925,Vehicle-SemiTruck-Cab,138.50645160944234,13.39685561560987,0.5,9,27
398,398:11,Vehicle:17,scene_28_18,19999960925,Vehicle-SemiTruck-Trailer,149.61581668734965,12.388369335016577,0.0,14,36
398,398:11,Vehicle:17,scene_28_18,19999960925,Vehicle-SemiTruck-Trailer,149.61581668734965,12.388369335016577,0.5,25,51
398,398:12,Vehicle:2,scene_28_18,19999960925,Vehicle-SingleUnitTruck,129.47341419856144,-177.8709882309486,0.0,4,192
398,398:12,Vehicle:2,scene_28_18,19999960925,Vehicle-SingleUnitTruck,129.47341419856144,-177.8709882309486,0.5,9,204
398,398:13,Vehicle:3,scene_28_18,19999960925,Vehicle-Passenger,178.16816847187485,-1.2769839750590832,0.0,0,16
398,398:13,Vehicle:3,scene_28_18,19999960925,Vehicle-Passenger,178.16816847187485,-1.2769839750590832,0.5,1,30
398,398:14,Vehicle:4,scene_28_18,19999960925,Vehicle-Passenger,262.18691596429005,-0.8575277962858787,0.0,1,24
398,398:14,Vehicle:4,scene_28_18,19999960925,Vehicle-Passenger,262.18691596429005,-0.8575277962858787,0.5,1,32
408,408:0,TrafficSign:1,scene_28_18,20500110000,TrafficSign,217.3628238395687,-3.617350508957737,0.0,0,2
408,408:0,TrafficSign:1,scene_28_18,20500110000,TrafficSign,217.3628238395687,-3.617350508957737,0.5,0,7
408,408:1,TrafficSign:10,scene_28_18,20500110000,TrafficSign,351.617504618765,2.5010895256737173,0.0,0,0
408,408:1,TrafficSign:10,scene_28_18,20500110000,TrafficSign,351.617504618765,2.5010895256737173,0.5,0,1
408,408:2,TrafficSign:2,scene_28_18,20500110000,TrafficSign,370.57347277427215,2.369615528139156,0.0,0,0
408,408:2,TrafficSign:2,scene_28_18,20500110000,TrafficSign,370.57347277427215,2.369615528139156,0.5,0,0
408,408:3,TrafficSign:3,scene_28_18,20500110000,TrafficSign,322.55713468771336,1.3173877435255934,0.0,0,0
408,408:3,TrafficSign:3,scene_28_18,20500110000,TrafficSign,322.55713468771336,1.3173877435255934,0.5,0,0
408,408:4,TrafficSign:4,scene_28_18,20500110000,TrafficSign,269.89495357125975,-2.3433613430086173,0.0,0,0
408,408:4,TrafficSign:4,scene_28_18,20500110000,TrafficSign,269.89495357125975,-2.3433613430086173,0.5,0,0
408,408:5,Vehicle:1,scene_28_18,20500110000,Vehicle-Passenger,100.380581386362,-1.3755269771946554,0.0,2,28
408,408:5,Vehicle:1,scene_28_18,20500110000,Vehicle-Passenger,100.380581386362,-1.3755269771946554,0.5,4,147
408,408:6,Vehicle:11,scene_28_18,20500110000,Vehicle-SingleUnitTruck,143.5236124185936,166.34322745944382,0.0,4,7
408,408:6,Vehicle:11,scene_28_18,20500110000,Vehicle-SingleUnitTruck,143.5236124185936,166.34322745944382,0.5,7,7
408,408:7,Vehicle:12,scene_28_18,20500110000,Vehicle-Passenger,52.74428716938474,141.4217167148262,0.0,5,9
408,408:7,Vehicle:12,scene_28_18,20500110000,Vehicle-Passenger,52.74428716938474,141.4217167148262,0.5,12,34
408,408:10,Vehicle:16,scene_28_18,20500110000,Vehicle-SemiTruck-Cab,110.91646350562034,17.258143868058088,0.0,8,35
408,408:10,Vehicle:16,scene_28_18,20500110000,Vehicle-SemiTruck-Cab,110.91646350562034,17.258143868058088,0.5,14,44
408,408:11,Vehicle:17,scene_28_18,20500110000,Vehicle-SemiTruck-Trailer,121.74586042059127,15.7056823425774,0.0,24,15
408,408:11,Vehicle:17,scene_28_18,20500110000,Vehicle-SemiTruck-Trailer,121.74586042059127,15.7056823425774,0.5,33,27
408,408:12,Vehicle:2,scene_28_18,20500110000,Vehicle-SingleUnitTruck,128.8502109713732,-177.60563157654622,0.0,4,158
408,408:12,Vehicle:2,scene_28_18,20500110000,Vehicle-SingleUnitTruck,128.8502109713732,-177.60563157654622,0.5,9,171
408,408:13,Vehicle:20,scene_28_18,20500110000,Vehicle-Bus,311.72504000404615,5.447256880198587,0.0,1,0
408,408:13,Vehicle:20,scene_28_18,20500110000,Vehicle-Bus,311.72504000404615,5.447256880198587,0.5,2,0
408,408:14,Vehicle:3,scene_28_18,20500110000,Vehicle-Passenger,180.8584971878773,-1.0095540602164572,0.0,1,11
408,408:14,Vehicle:3,scene_28_18,20500110000,Vehicle-Passenger,180.8584971878773,-1.0095540602164572,0.5,1,27
408,408:15,Vehicle:4,scene_28_18,20500110000,Vehicle-Passenger,263.3332959856647,-0.5859567667491955,0.0,1,17
408,408:15,Vehicle:4,scene_28_18,20500110000,Vehicle-Passenger,263.3332959856647,-0.5859567667491955,0.5,2,40
420,420:0,TrafficSign:1,scene_28_18,21100008875,TrafficSign,199.70237418425347,-3.3758324835834665,0.0,0,0
420,420:0,TrafficSign:1,scene_28_18,21100008875,TrafficSign,199.70237418425347,-3.3758324835834665,0.5,0,1
420,420:1,TrafficSign:10,scene_28_18,21100008875,TrafficSign,333.9426589233583,3.184843809087682,0.0,0,0
420,420:1,TrafficSign:10,scene_28_18,21100008875,TrafficSign,333.9426589233583,3.184843809087682,0.5,0,4
420,420:2,TrafficSign:2,scene_28_18,21100008875,TrafficSign,352.91308999168353,3.039838723400552,0.0,0,0
420,420:2,TrafficSign:2,scene_28_18,21100008875,TrafficSign,352.91308999168353,3.039838723400552,0.5,0,0
420,420:3,TrafficSign:3,scene_28_18,21100008875,TrafficSign,304.9021840144727,1.9451856509490726,0.0,0,0
420,420:3,TrafficSign:3,scene_28_18,21100008875,TrafficSign,304.9021840144727,1.9451856509490726,0.5,0,1
420,420:4,TrafficSign:4,scene_28_18,21100008875,TrafficSign,252.21962494695342,-1.9555547607454902,0.0,0,0
420,420:4,TrafficSign:4,scene_28_18,21100008875,TrafficSign,252.21962494695342,-1.9555547607454902,0.5,0,0
420,420:5,TrafficSign:8,scene_28_18,21100008875,TrafficSign,382.4983433801996,4.235694288741465,0.0,0,0
420,420:5,TrafficSign:8,scene_28_18,21100008875,TrafficSign,382.4983433801996,4.235694288741465,0.5,0,2
420,420:6,Vehicle:1,scene_28_18,21100008875,Vehicle-Passenger,104.11245354289474,-0.924722347446703,0.0,3,26
420,420:6,Vehicle:1,scene_28_18,21100008875,Vehicle-Passenger,104.11245354289474,-0.924722347446703,0.5,3,119
420,420:7,Vehicle:12,scene_28_18,21100008875,Vehicle-Passenger,83.62209118728316,157.09795197692398,0.0,0,5
420,420:7,Vehicle:12,scene_28_18,21100008875,Vehicle-Passenger,83.62209118728316,157.09795197692398,0.5,4,10
420,420:10,Vehicle:16,scene_28_18,21100008875,Vehicle-SemiTruck-Cab,78.25357077320602,25.639708592015253,0.0,20,34
420,420:10,Vehicle:16,scene_28_18,21100008875,Vehicle-SemiTruck-Cab,78.25357077320602,25.639708592015253,0.5,27,83
420,420:11,Vehicle:17,scene_28_18,21100008875,Vehicle-SemiTruck-Trailer,88.564484249031,22.585140436194656,0.0,25,41
420,420:11,Vehicle:17,scene_28_18,21100008875,Vehicle-SemiTruck-Trailer,88.564484249031,22.585140436194656,0.5,47,79
420,420:12,Vehicle:2,scene_28_18,21100008875,Vehicle-SingleUnitTruck,128.22288201791721,-177.10242100754942,0.0,3,314
420,420:12,Vehicle:2,scene_28_18,21100008875,Vehicle-SingleUnitTruck,128.22288201791721,-177.10242100754942,0.5,10,338
420,420:13,Vehicle:20,scene_28_18,21100008875,Vehicle-Bus,272.29802314717256,6.7431666876322645,0.0,5,5
420,420:13,Vehicle:20,scene_28_18,21100008875,Vehicle-Bus,272.29802314717256,6.7431666876322645,0.5,6,5
420,420:14,Vehicle:3,scene_28_18,21100008875,Vehicle-Passenger,183.90207427004106,-0.44687695315813,0.0,0,5
420,420:14,Vehicle:3,scene_28_18,21100008875,Vehicle-Passenger,183.90207427004106,-0.44687695315813,0.5,2,15
420,420:15,Vehicle:4,scene_28_18,21100008875,Vehicle-Passenger,264.58446947517047,-0.02004083532709408,0.0,1,4
420,420:15,Vehicle:4,scene_28_18,21100008875,Vehicle-Passenger,264.58446947517047,-0.02004083532709408,0.5,1,18
420,420:16,TrafficSign:7,scene_28_18,21100008875,TrafficSign,383.3405349833193,6.843812181041757,0.0,0,0
420,420:16,TrafficSign:7,scene_28_18,21100008875,TrafficSign,383.3405349833193,6.843812181041757,0.5,0,0
420,420:17,Vehicle:11,scene_28_18,21100008875,Vehicle-SingleUnitTruck,180.04087629525,169.59217230443096,0.0,1,0
420,420:17,Vehicle:11,scene_28_18,21100008875,Vehicle-SingleUnitTruck,180.04087629525,169.59217230443096,0.5,2,0
430,430:0,TrafficSign:1,scene_28_18,21599990525,TrafficSign,184.97408921265028,-3.2730218221855707,0.0,0,0
430,430:0,TrafficSign:1,scene_28_18,21599990525,TrafficSign,184.97408921265028,-3.2730218221855707,0.5,1,7
430,430:1,TrafficSign:10,scene_28_18,21599990525,TrafficSign,319.2162430539481,3.6954656930630807,0.0,0,0
430,430:1,TrafficSign:10,scene_28_18,21599990525,TrafficSign,319.2162430539481,3.6954656930630807,0.5,0,0
430,430:2,TrafficSign:2,scene_28_18,21599990525,TrafficSign,338.16841852905,3.539609078467495,0.0,0,0
430,430:2,TrafficSign:2,scene_28_18,21599990525,TrafficSign,338.16841852905,3.539609078467495,0.5,0,2
430,430:3,TrafficSign:3,scene_28_18,21599990525,TrafficSign,290.1927883063937,2.4105375602342844,0.0,0,0
430,430:3,TrafficSign:3,scene_28_18,21599990525,TrafficSign,290.1927883063937,2.4105375602342844,0.5,0,0
430,430:4,TrafficSign:4,scene_28_18,21599990525,TrafficSign,237.47781929779435,-1.712715099895774,0.0,0,0
430,430:4,TrafficSign:4,scene_28_18,21599990525,TrafficSign,237.47781929779435,-1.712715099895774,0.5,0,0
430,430:5,TrafficSign:7,scene_28_18,21599990525,TrafficSign,368.6919159857003,7.4851943304116855,0.0,0,0
430,430:5,TrafficSign:7,scene_28_18,21599990525,TrafficSign,368.6919159857003,7.4851943304116855,0.5,0,2
430,430:6,TrafficSign:8,scene_28_18,21599990525,TrafficSign,367.77072443703804,4.773044009998118,0.0,0,0
430,430:6,TrafficSign:8,scene_28_18,21599990525,TrafficSign,367.77072443703804,4.773044009998118,0.5,0,1
430,430:7,Vehicle:1,scene_28_18,21599990525,Vehicle-Passenger,107.13795376831905,-0.5244555449801716,0.0,2,23
430,430:7,Vehicle:1,scene_28_18,21599990525,Vehicle-Passenger,107.13795376831905,-0.5244555449801716,0.5,4,110
430,430:8,Vehicle:12,scene_28_18,21599990525,Vehicle-Passenger,111.22464821949983,163.33316735186065,0.0,1,35
430,430:8,Vehicle:12,scene_28_18,21599990525,Vehicle-Passenger,111.22464821949983,163.33316735186065,0.5,5,41
430,430:11,Vehicle:16,scene_28_18,21599990525,Vehicle-SemiTruck-Cab,53.00709056059885,39.8062437623136,0.0,16,266
430,430:11,Vehicle:16,scene_28_18,21599990525,Vehicle-SemiTruck-Cab,53.00709056059885,39.8062437623136,0.5,19,435
430,430:12,Vehicle:17,scene_28_18,21599990525,Vehicle-SemiTruck-Trailer,62.18400889459293,33.32150768482632,0.0,49,439
430,430:12,Vehicle:17,scene_28_18,21599990525,Vehicle-SemiTruck-Trailer,62.18400889459293,33.32150768482632,0.5,71,715
430,430:13,Vehicle:2,scene_28_18,21599990525,Vehicle-SingleUnitTruck,127.89131227347438,-176.85484275781292,0.0,8,328
430,430:13,Vehicle:2,scene_28_18,21599990525,Vehicle-SingleUnitTruck,127.89131227347438,-176.85484275781292,0.5,13,336
430,430:14,Vehicle:20,scene_28_18,21599990525,Vehicle-Bus,239.83276001749218,7.9458231927880725,0.0,7,1
430,430:14,Vehicle:20,scene_28_18,21599990525,Vehicle-Bus,239.83276001749218,7.9458231927880725,0.5,9,1
430,430:15,Vehicle:3,scene_28_18,21599990525,Vehicle-Passenger,186.27412320090528,-0.03409445809850989,0.0,0,1
430,430:15,Vehicle:3,scene_28_18,21599990525,Vehicle-Passenger,186.27412320090528,-0.03409445809850989,0.5,3,17
430,430:16,Vehicle:4,scene_28_18,21599990525,Vehicle-Passenger,265.41912561396805,0.3871336635664148,0.0,1,6
430,430:16,Vehicle:4,scene_28_18,21599990525,Vehicle-Passenger,265.41912561396805,0.3871336635664148,0.5,1,28
440,440:0,TrafficSign:1,scene_28_18,22099962050,TrafficSign,170.26266130690485,-3.2187266532717413,0.0,0,0
440,440:0,TrafficSign:1,scene_28_18,22099962050,TrafficSign,170.26266130690485,-3.2187266532717413,0.5,1,10
440,440:1,TrafficSign:10,scene_28_18,22099962050,TrafficSign,304.54778036463625,4.203688401250325,0.0,0,0
440,440:1,TrafficSign:10,scene_28_18,22099962050,TrafficSign,304.54778036463625,4.203688401250325,0.5,0,0
440,440:2,TrafficSign:11,scene_28_18,22099962050,TrafficSign,392.77456304160427,7.460356396056859,0.0,0,0
440,440:2,TrafficSign:11,scene_28_18,22099962050,TrafficSign,392.77456304160427,7.460356396056859,0.5,0,0
440,440:3,TrafficSign:12,scene_28_18,22099962050,TrafficSign,390.7203203056543,4.926736700415018,0.0,0,0
440,440:3,TrafficSign:12,scene_28_18,22099962050,TrafficSign,390.7203203056543,4.926736700415018,0.5,0,2
440,440:4,TrafficSign:2,scene_28_18,22099962050,TrafficSign,323.44956441493554,4.027692714730394,0.0,0,0
440,440:4,TrafficSign:2,scene_28_18,22099962050,TrafficSign,323.44956441493554,4.027692714730394,0.5,0,0
440,440:5,TrafficSign:3,scene_28_18,22099962050,TrafficSign,275.4775540087233,2.8732868742249655,0.0,0,0
440,440:5,TrafficSign:3,scene_28_18,22099962050,TrafficSign,275.4775540087233,2.8732868742249655,0.5,0,0
440,440:6,TrafficSign:4,scene_28_18,22099962050,TrafficSign,222.7875198082772,-1.4932165767352978,0.0,0,0
440,440:6,TrafficSign:4,scene_28_18,22099962050,TrafficSign,222.7875198082772,-1.4932165767352978,0.5,0,0
440,440:7,TrafficSign:7,scene_28_18,22099962050,TrafficSign,354.06700524774084,8.124760581565756,0.0,0,0
440,440:7,TrafficSign:7,scene_28_18,22099962050,TrafficSign,354.06700524774084,8.124760581565756,0.5,0,0
440,440:8,TrafficSign:8,scene_28_18,22099962050,TrafficSign,353.1105437525934,5.303465236251083,0.0,0,0
440,440:8,TrafficSign:8,scene_28_18,22099962050,TrafficSign,353.1105437525934,5.303465236251083,0.5,0,0
440,440:9,Vehicle:1,scene_28_18,22099962050,Vehicle-Passenger,110.12352041301,-0.0859357011593664,0.0,1,22
440,440:9,Vehicle:1,scene_28_18,22099962050,Vehicle-Passenger,110.12352041301,-0.0859357011593664,0.5,4,85
440,440:10,Vehicle:12,scene_28_18,22099962050,Vehicle-Passenger,140.20295224593042,167.21109208278216,0.0,1,2
440,440:10,Vehicle:12,scene_28_18,22099962050,Vehicle-Passenger,140.20295224593042,167.21109208278216,0.5,2,2
440,440:13,Vehicle:16,scene_28_18,22099962050,Vehicle-SemiTruck-Cab,35.37472887660901,72.080435264499,0.0,5,3615
440,440:13,Vehicle:16,scene_28_18,22099962050,Vehicle-SemiTruck-Cab,35.37472887660901,72.080435264499,0.5,6,4532
440,440:14,Vehicle:17,scene_28_18,22099962050,Vehicle-SemiTruck-Trailer,40.52667958145729,56.895009838400526,0.0,26,3585
440,440:14,Vehicle:17,scene_28_18,22099962050,Vehicle-SemiTruck-Trailer,40.52667958145729,56.895009838400526,0.5,30,4377
440,440:15,Vehicle:18,scene_28_18,22099962050,Vehicle-Passenger,168.15332105165118,12.677895594849577,0.0,0,8
440,440:15,Vehicle:18,scene_28_18,22099962050,Vehicle-Passenger,168.15332105165118,12.677895594849577,0.5,3,8
440,440:16,Vehicle:2,scene_28_18,22099962050,Vehicle-SingleUnitTruck,127.61989041982638,-176.69688818065123,0.0,5,409
440,440:16,Vehicle:2,scene_28_18,22099962050,Vehicle-SingleUnitTruck,127.61989041982638,-176.69688818065123,0.5,7,432
440,440:17,Vehicle:20,scene_28_18,22099962050,Vehicle-Bus,208.79788513686086,9.350159124112908,0.0,9,12
440,440:17,Vehicle:20,scene_28_18,22099962050,Vehicle-Bus,208.79788513686086,9.350159124112908,0.5,13,12
440,440:18,Vehicle:3,scene_28_18,22099962050,Vehicle-Passenger,188.69676704608452,0.3678714986465678,0.0,2,11
440,440:18,Vehicle:3,scene_28_18,22099962050,Vehicle-Passenger,188.69676704608452,0.3678714986465678,0.5,3,21
440,440:19,Vehicle:4,scene_28_18,22099962050,Vehicle-Passenger,266.16039619955416,0.777276032628838,0.0,0,18
440,440:19,Vehicle:4,scene_28_18,22099962050,Vehicle-Passenger,266.16039619955416,0.777276032628838,0.5,1,31
450,450:0,TrafficSign:1,scene_28_18,22599943950,TrafficSign,155.55379364829432,-3.246870442973125,0.0,0,0
450,450:0,TrafficSign:1,scene_28_18,22599943950,TrafficSign,155.55379364829432,-3.246870442973125,0.5,2,16
450,450:1,TrafficSign:10,scene_28_18,22599943950,TrafficSign,289.8595379534572,4.695657631260955,0.0,0,0
450,450:1,TrafficSign:10,scene_28_18,22599943950,TrafficSign,289.8595379534572,4.695657631260955,0.5,0,0
450,450:2,TrafficSign:11,scene_28_18,22599943950,TrafficSign,378.20776081001867,8.022742064863266,0.0,0,0
450,450:2,TrafficSign:11,scene_28_18,22599943950,TrafficSign,378.20776081001867,8.022742064863266,0.5,0,0
450,450:3,TrafficSign:12,scene_28_18,22599943950,TrafficSign,376.069906589604,5.39726335631798,0.0,0,0
450,450:3,TrafficSign:12,scene_28_18,22599943950,TrafficSign,376.069906589604,5.39726335631798,0.5,0,0
450,450:4,TrafficSign:2,scene_28_18,22599943950,TrafficSign,308.7574130804461,4.492163935831179,0.0,0,0
450,450:4,TrafficSign:2,scene_28_18,22599943950,TrafficSign,308.7574130804461,4.492163935831179,0.5,0,1
450,450:5,TrafficSign:3,scene_28_18,22599943950,TrafficSign,260.74066476430875,3.313877950535038,0.0,0,0
450,450:5,TrafficSign:3,scene_28_18,22599943950,TrafficSign,260.74066476430875,3.313877950535038,0.5,0,4
450,450:6,TrafficSign:4,scene_28_18,22599943950,TrafficSign,208.10980309798109,-1.318806448933411,0.0,0,0
450,450:6,TrafficSign:4,scene_28_18,22599943950,TrafficSign,208.10980309798109,-1.318806448933411,0.5,1,0
450,450:7,TrafficSign:7,scene_28_18,22599943950,TrafficSign,339.45521959102393,8.750300380774757,0.0,0,0
450,450:7,TrafficSign:7,scene_28_18,22599943950,TrafficSign,339.45521959102393,8.750300380774757,0.5,0,0
450,450:8,TrafficSign:8,scene_28_18,22599943950,TrafficSign,338.4653334545521,5.8098514306778695,0.0,0,0
450,450:8,TrafficSign:8,scene_28_18,22599943950,TrafficSign,338.4653334545521,5.8098514306778695,0.5,0,0
450,450:9,Vehicle:1,scene_28_18,22599943950,Vehicle-Passenger,113.0555860078617,0.3355795893430642,0.0,3,33
450,450:9,Vehicle:1,scene_28_18,22599943950,Vehicle-Passenger,113.0555860078617,0.3355795893430642,0.5,6,85
450,450:10,Vehicle:12,scene_28_18,22599943950,Vehicle-Passenger,170.4033506690243,169.83079326980828,0.0,1,23
450,450:10,Vehicle:12,scene_28_18,22599943950,Vehicle-Passenger,170.4033506690243,169.83079326980828,0.5,1,28
450,450:13,Vehicle:16,scene_28_18,22599943950,Vehicle-SemiTruck-Cab,38.291804376134166,119.7965080029547,0.0,3,109
450,450:13,Vehicle:16,scene_28_18,22599943950,Vehicle-SemiTruck-Cab,38.291804376134166,119.7965080029547,0.5,5,365
450,450:14,Vehicle:17,scene_28_18,22599943950,Vehicle-SemiTruck-Trailer,34.460792496965134,103.04561822003043,0.0,24,4902
450,450:14,Vehicle:17,scene_28_18,22599943950,Vehicle-SemiTruck-Trailer,34.460792496965134,103.04561822003043,0.5,29,6735
450,450:15,Vehicle:18,scene_28_18,22599943950,Vehicle-Passenger,137.93942480892733,15.602846014089158,0.0,2,0
450,450:15,Vehicle:18,scene_28_18,22599943950,Vehicle-Passenger,137.93942480892733,15.602846014089158,0.5,2,5
450,450:16,Vehicle:2,scene_28_18,22599943950,Vehicle-SingleUnitTruck,127.12062678913415,-176.60589088751468,0.0,2,332
450,450:16,Vehicle:2,scene_28_18,22599943950,Vehicle-SingleUnitTruck,127.12062678913415,-176.60589088751468,0.5,9,363
450,450:17,Vehicle:3,scene_28_18,22599943950,Vehicle-Passenger,191.2275958985515,0.7346601195751263,0.0,0,24
450,450:17,Vehicle:3,scene_28_18,22599943950,Vehicle-Passenger,191.2275958985515,0.7346601195751263,0.5,0,29
450,450:18,Vehicle:4,scene_28_18,22599943950,Vehicle-Passenger,266.91936432382505,1.1301340143747398,0.0,0,28
450,450:18,Vehicle:4,scene_28_18,22599943950,Vehicle-Passenger,266.91936432382505,1.1301340143747398,0.5,1,42
450,450:19,Vehicle:20,scene_28_18,22599943950,Vehicle-Bus,177.87542309528652,11.08647560563326,0.0,20,0
450,450:19,Vehicle:20,scene_28_18,22599943950,Vehicle-Bus,177.87542309528652,11.08647560563326,0.5,22,0
460,460:0,TrafficSign:1,scene_28_18,23100083600,TrafficSign,140.79284833922523,-3.321251776202182,0.0,0,0
460,460:0,TrafficSign:1,scene_28_18,23100083600,TrafficSign,140.79284833922523,-3.321251776202182,0.5,2,13
460,460:1,TrafficSign:10,scene_28_18,23100083600,TrafficSign,275.0798903476712,5.217190493840321,0.0,0,0
460,460:1,TrafficSign:10,scene_28_18,23100083600,TrafficSign,275.0798903476712,5.217190493840321,0.5,0,0
460,460:2,TrafficSign:11,scene_28_18,23100083600,TrafficSign,363.6028089238686,8.617352979328198,0.0,0,0
460,460:2,TrafficSign:11,scene_28_18,23100083600,TrafficSign,363.6028089238686,8.617352979328198,0.5,0,0
460,460:3,TrafficSign:12,scene_28_18,23100083600,TrafficSign,361.3386040879879,5.877039317568521,0.0,0,0
460,460:3,TrafficSign:12,scene_28_18,23100083600,TrafficSign,361.3386040879879,5.877039317568521,0.5,0,3
460,460:4,TrafficSign:2,scene_28_18,23100083600,TrafficSign,294.0243939376369,4.988282769818759,0.0,0,0
460,460:4,TrafficSign:2,scene_28_18,23100083600,TrafficSign,294.0243939376369,4.988282769818759,0.5,0,0
460,460:5,TrafficSign:3,scene_28_18,23100083600,TrafficSign,245.99911778759693,3.7804202596383782,0.0,0,0
460,460:5,TrafficSign:3,scene_28_18,23100083600,TrafficSign,245.99911778759693,3.7804202596383782,0.5,0,0
460,460:6,TrafficSign:4,scene_28_18,23100083600,TrafficSign,193.3246346403718,-1.1442717203196677,0.0,0,0
460,460:6,TrafficSign:4,scene_28_18,23100083600,TrafficSign,193.3246346403718,-1.1442717203196677,0.5,1,0
460,460:7,TrafficSign:7,scene_28_18,23100083600,TrafficSign,324.83426421313214,9.413131294979141,0.0,0,0
460,460:7,TrafficSign:7,scene_28_18,23100083600,TrafficSign,324.83426421313214,9.413131294979141,0.5,0,5
460,460:8,TrafficSign:8,scene_28_18,23100083600,TrafficSign,323.76756873453377,6.339623467557219,0.0,0,0
460,460:8,TrafficSign:8,scene_28_18,23100083600,TrafficSign,323.76756873453377,6.339623467557219,0.5,0,0
460,460:9,Vehicle:1,scene_28_18,23100083600,Vehicle-Passenger,115.86767876865211,0.7674844295279132,0.0,1,14
460,460:9,Vehicle:1,scene_28_18,23100083600,Vehicle-Passenger,115.86767876865211,0.7674844295279132,0.5,3,94
460,460:12,Vehicle:16,scene_28_18,23100083600,Vehicle-SemiTruck-Cab,59.187128056240496,146.38391183189194,0.0,3,6
460,460:12,Vehicle:16,scene_28_18,23100083600,Vehicle-SemiTruck-Cab,59.187128056240496,146.38391183189194,0.5,10,33
460,460:13,Vehicle:17,scene_28_18,23100083600,Vehicle-SemiTruck-Trailer,50.471545261911295,138.92388252349645,0.0,21,283
460,460:13,Vehicle:17,scene_28_18,23100083600,Vehicle-SemiTruck-Trailer,50.471545261911295,138.92388252349645,0.5,45,401
460,460:14,Vehicle:2,scene_28_18,23100083600,Vehicle-SingleUnitTruck,126.36797027559311,-176.54092094247142,0.0,5,282
460,460:14,Vehicle:2,scene_28_18,23100083600,Vehicle-SingleUnitTruck,126.36797027559311,-176.54092094247142,0.5,8,291
460,460:15,Vehicle:20,scene_28_18,23100083600,Vehicle-Bus,145.61097222983256,13.562893303908076,0.0,21,14
460,460:15,Vehicle:20,scene_28_18,23100083600,Vehicle-Bus,145.61097222983256,13.562893303908076,0.5,24,18
460,460:16,Vehicle:22,scene_28_18,23100083600,Vehicle-Passenger,150.29237283232402,13.001178040703657,0.0,5,0
460,460:16,Vehicle:22,scene_28_18,23100083600,Vehicle-Passenger,150.29237283232402,13.001178040703657,0.5,9,7
460,460:17,Vehicle:3,scene_28_18,23100083600,Vehicle-Passenger,193.72454131206285,1.1060198592278259,0.0,0,4
460,460:17,Vehicle:3,scene_28_18,23100083600,Vehicle-Passenger,193.72454131206285,1.1060198592278259,0.5,1,18
460,460:18,Vehicle:4,scene_28_18,23100083600,Vehicle-Passenger,267.662065841575,1.489336612746977,0.0,2,25
460,460:18,Vehicle:4,scene_28_18,23100083600,Vehicle-Passenger,267.662065841575,1.489336612746977,0.5,2,27
